,Unnamed: 0,arctic_trend,world_trend,AA,trend_period,Model,Experiment,Ensemble_member,Months,No_arctic_crossing_year,World_crossing_year,gap
0,0,0.0508500544441196,0.0251794716570657,2.019504425536681,2015_2065,MCM-UA-1-0,ssp245,r1i1p1f2,all,2064.211,2060.017,4.19399999999996
1,0,0.0560404632248471,0.0296061131141058,1.89286796982974,2015_2065,CIESM,ssp245,r1i1p1f1,all,2069.536,2055.772,13.764000000000124
2,0,0.0610830184729568,0.0246773089320601,2.475270648072943,2015_2065,NESM3,ssp245,r2i1p1f1,all,2058.76,2053.364,5.3960000000001855
3,0,0.0737074117904615,0.0269365786145456,2.7363316197351,2015_2065,NESM3,ssp245,r1i1p1f1,all,2060.872,2054.53,6.3419999999996435
4,0,0.0470869941663666,0.0167629247638928,2.8089963314630872,2015_2065,GFDL-ESM4,ssp245,r3i1p1f1,all,2089.202,2065.375,23.827000000000226
5,0,0.0398768628443138,0.0202456009518824,1.9696556767610296,2015_2065,GFDL-ESM4,ssp245,r2i1p1f1,all,2065.385,2057.053,8.332000000000335
6,0,0.036130375946634,0.018389761055039,1.96470067438608,2015_2065,GFDL-ESM4,ssp245,r1i1p1f1,all,2068.715,2055.998,12.717000000000098
7,0,0.0761894954863192,0.027882966875108,2.732474482632479,2015_2065,GFDL-CM4,ssp245,r1i1p1f1,all,2049.396,2044.639,4.757000000000289
8,0,0.1233193213660013,0.0433951292483539,2.8417779484014103,2015_2065,UKESM1-0-LL,ssp245,r13i1p1f2,all,2038.58,2034.448,4.1319999999998345
9,0,0.0874663388691659,0.0346480321256523,2.52442443345602,2015_2065,KACE-1-0-G,ssp245,r1i1p1f1,all,2058.293,2049.903,8.390000000000327
10,0,0.0539836966749623,0.0205517844176627,2.6267157915770687,2015_2065,NorESM2-MM,ssp245,r1i1p1f1,all,2070.657,2050.345,20.312000000000353
11,0,0.0355882146205714,0.0217520159970983,1.6360881044459905,2015_2065,NorESM2-LM,ssp245,r3i1p1f1,all,2037.706,2036.652,1.05399999999986
12,0,0.0274806325676624,0.0172477564225198,1.593287375729736,2015_2065,NorESM2-LM,ssp245,r2i1p1f1,all,2052.426,2049.811,2.6149999999997817
13,0,0.0347030250547856,0.0180194836009273,1.925861241273292,2015_2065,NorESM2-LM,ssp245,r1i1p1f1,all,2067.549,2062.652,4.8969999999999345
14,0,0.0533537040301428,0.0304476073382534,1.7523118791377357,2015_2065,CESM2-WACCM,ssp245,r5i1p1f1,all,,,
15,0,0.0595742152902665,0.0297436548496672,2.0029218195064247,2015_2065,CESM2-WACCM,ssp245,r4i1p1f1,all,,,
16,0,0.0539605782789559,0.0314370597553446,1.7164639027599289,2015_2065,CESM2-WACCM,ssp245,r3i1p1f1,all,2054.444,2051.013,3.43100000000004
17,0,0.0508008249082116,0.0294371119658502,1.7257407916627585,2015_2065,CESM2-WACCM,ssp245,r2i1p1f1,all,2057.276,2053.316,3.9600000000000364
18,0,0.0579715490516112,0.0314917572323919,1.840848340847191,2015_2065,CESM2-WACCM,ssp245,r1i1p1f1,all,2050.955,2046.709,4.245999999999867
19,0,0.0559552548976291,0.0315725640438837,1.772274650226543,2015_2065,CESM2,ssp245,r4i1p1f1,all,2045.718,2042.338,3.380000000000109
20,0,0.0548387237464598,0.0265312406510589,2.0669490909868564,2015_2065,GISS-E2-1-G,ssp245,r5i1p3f1,all,2050.335,2043.026,7.308999999999969
21,0,0.0508936626416165,0.0250725516254766,2.0298557323500583,2015_2065,GISS-E2-1-G,ssp245,r4i1p3f1,all,2048.354,2040.704,7.649999999999864
22,0,0.0581389369655837,0.0266481060730114,2.1817286679320693,2015_2065,GISS-E2-1-G,ssp245,r3i1p3f1,all,2045.711,2041.142,4.56899999999996
23,0,0.0715629159309432,0.0270982124920405,2.6408721959783548,2015_2065,GISS-E2-1-G,ssp245,r2i1p3f1,all,2046.489,2039.513,6.976000000000113
24,0,0.0719189552430973,0.0292164216678548,2.4615935538137985,2015_2065,GISS-E2-1-G,ssp245,r1i1p3f1,all,2041.954,2038.433,3.520999999999958
25,0,0.054430294383252,0.0241415174440164,2.254634345561519,2015_2065,GISS-E2-1-G,ssp245,r1i1p1f2,all,2049.387,2044.128,5.259000000000242
26,0,0.0819265556273421,0.0283780870864479,2.886965403191899,2015_2065,MRI-ESM2-0,ssp245,r1i1p1f1,all,2050.983,2047.164,3.8190000000001874
27,0,0.047253943302525,0.0201834818468822,2.3412186094058143,2015_2065,MPI-ESM1-2-LR,ssp245,r9i1p1f1,all,2069.019,2060.839,8.179999999999836
28,0,0.0558497451729558,0.0200810664199725,2.781214105113861,2015_2065,MPI-ESM1-2-LR,ssp245,r8i1p1f1,all,2063.679,2055.711,7.968000000000302
29,0,0.056928345706229,0.021325594624229,2.6694845658160395,2015_2065,MPI-ESM1-2-LR,ssp245,r7i1p1f1,all,2066.048,2056.452,9.595999999999549
30,0,0.0608894562994652,0.0212997743500915,2.858690204819168,2015_2065,MPI-ESM1-2-LR,ssp245,r6i1p1f1,all,2070.543,2056.626,13.916999999999916
31,0,0.0408186993528505,0.0200773304178645,2.0330740443724835,2015_2065,MPI-ESM1-2-LR,ssp245,r5i1p1f1,all,2078.122,2061.097,17.024999999999636
32,0,0.0613270362621491,0.0233238695197477,2.6293680047483114,2015_2065,MPI-ESM1-2-LR,ssp245,r4i1p1f1,all,2068.91,2055.697,13.212999999999738
33,0,0.050436249351062,0.0210366552301988,2.397541282069359,2015_2065,MPI-ESM1-2-LR,ssp245,r3i1p1f1,all,2066.972,2058.934,8.038000000000011
34,0,0.0557041519923192,0.0224499378176051,2.481260858933705,2015_2065,MPI-ESM1-2-LR,ssp245,r2i1p1f1,all,2066.541,2061.604,4.937000000000353
35,0,0.0633762119526032,0.0222387469031573,2.8498103885343227,2015_2065,MPI-ESM1-2-LR,ssp245,r1i1p1f1,all,2061.738,2049.586,12.152000000000044
36,0,0.0484585003020767,0.0208337862638271,2.325957446641055,2015_2065,MPI-ESM1-2-LR,ssp245,r10i1p1f1,all,2066.302,2059.355,6.947000000000116
37,0,0.1501298270093257,0.0466660365330469,3.21711116184058,2015_2065,UKESM1-0-LL,ssp245,r9i1p1f2,all,2042.764,2036.897,5.866999999999962
38,0,0.1572877622528139,0.0437200780641791,3.597609364327359,2015_2065,UKESM1-0-LL,ssp245,r8i1p1f2,all,2045.534,2037.796,7.738000000000056
39,0,0.1378323454230664,0.0456481782104229,3.0194489862816667,2015_2065,UKESM1-0-LL,ssp245,r7i1p1f2,all,,,
40,0,0.1398901026015412,0.0453568123372481,3.0842137132873413,2015_2065,UKESM1-0-LL,ssp245,r6i1p1f2,all,,,
41,0,0.1456467039705095,0.0460003910861809,3.1662057763300977,2015_2065,UKESM1-0-LL,ssp245,r5i1p1f2,all,,,
42,0,0.1621409221670901,0.0497022727519263,3.262243619650287,2015_2065,UKESM1-0-LL,ssp245,r4i1p1f2,all,2035.563,2031.331,4.232000000000198
43,0,0.1469470018056469,0.0460951369663113,3.187906826549693,2015_2065,UKESM1-0-LL,ssp245,r3i1p1f2,all,2045.445,2040.911,4.533999999999878
44,0,0.130639759268461,0.047934913856099,2.7253571303088693,2015_2065,UKESM1-0-LL,ssp245,r2i1p1f2,all,2036.387,2032.432,3.9549999999999272
45,0,0.1453784132287193,0.0430167473472071,3.3795770762328003,2015_2065,UKESM1-0-LL,ssp245,r1i1p1f2,all,2041.275,2035.555,5.720000000000027
46,0,0.1431921877488817,0.0457380434534994,3.130702079428936,2015_2065,UKESM1-0-LL,ssp245,r19i1p1f2,all,2041.355,2037.043,4.3120000000001255
47,0,0.1269610321283009,0.0404093053677267,3.1418761340475654,2015_2065,UKESM1-0-LL,ssp245,r18i1p1f2,all,2047.927,2042.967,4.959999999999809
48,0,0.1417760277469984,0.040515645033989,3.4992908943708225,2015_2065,UKESM1-0-LL,ssp245,r17i1p1f2,all,2047.188,2040.409,6.778999999999996
49,0,0.1500027691012393,0.0465439728514835,3.2228183352521507,2015_2065,UKESM1-0-LL,ssp245,r16i1p1f2,all,2043.394,2038.92,4.473999999999933
50,0,0.1403417389655252,0.0461370300479557,3.04184597100531,2015_2065,UKESM1-0-LL,ssp245,r12i1p1f2,all,2034.095,2030.873,3.22199999999998
51,0,0.147414181137106,0.0508594477770086,2.898462086797283,2015_2065,UKESM1-0-LL,ssp245,r11i1p1f2,all,2036.251,2031.908,4.343000000000075
52,0,0.1243424395167589,0.0404035685188659,3.077511320780956,2015_2065,UKESM1-0-LL,ssp245,r10i1p1f2,all,2048.624,2041.794,6.8299999999997
53,0,0.130746831646799,0.0428363163087008,3.052242650945267,2015_2065,HadGEM3-GC31-LL,ssp245,r5i1p1f3,all,2042.554,2038.075,4.479000000000042
54,0,0.1268153736847424,0.0447162209371102,2.8360038265106997,2015_2065,HadGEM3-GC31-LL,ssp245,r4i1p1f3,all,2037.687,2033.738,3.9489999999998417
55,0,0.1127753745443713,0.0413354645766011,2.728295803604209,2015_2065,HadGEM3-GC31-LL,ssp245,r3i1p1f3,all,2040.303,2036.225,4.078000000000202
56,0,0.1070992018486923,0.0363946250599465,2.942720296535175,2015_2065,HadGEM3-GC31-LL,ssp245,r2i1p1f3,all,2054.202,2046.152,8.050000000000182
57,0,0.1151619812533132,0.0359860908227268,3.2001803647031077,2015_2065,HadGEM3-GC31-LL,ssp245,r1i1p1f3,all,2052.842,2045.524,7.318000000000211
58,0,0.0495951561736612,0.0235782899466549,2.1034246455476024,2015_2065,MIROC6,ssp245,r9i1p1f1,all,,,
59,0,0.0237378879511081,0.0183053679547846,1.296771963816411,2015_2065,MIROC6,ssp245,r8i1p1f1,all,,,
60,0,0.117238719607371,0.0307675386703174,3.810467937120873,2015_2065,MIROC6,ssp245,r7i1p1f1,all,,,
61,0,0.0411299686030125,0.0198995301006348,2.066881398455754,2015_2065,MIROC6,ssp245,r6i1p1f1,all,,,
62,0,0.0691287771706144,0.0237009332292462,2.916711190313453,2015_2065,MIROC6,ssp245,r5i1p1f1,all,,,
63,0,0.0766303513913371,0.0191771109001053,3.9959278428595897,2015_2065,MIROC6,ssp245,r4i1p1f1,all,,,
64,0,0.0769806267929947,0.0226163814492885,3.403755236690013,2015_2065,MIROC6,ssp245,r3i1p1f1,all,2053.924,2044.025,9.898999999999887
65,0,0.0737384126382006,0.0216906370765579,3.399550339528432,2015_2065,MIROC6,ssp245,r2i1p1f1,all,2048.288,2041.485,6.803000000000111
66,0,0.0961048154448386,0.0232677242188793,4.130391719481507,2015_2065,MIROC6,ssp245,r1i1p1f1,all,2044.376,2039.673,4.7029999999999745
67,0,0.0683001684933288,0.0239782289800768,2.8484242330857104,2015_2065,MIROC6,ssp245,r10i1p1f1,all,,,
68,0,0.0741787283491458,0.0247627966795511,2.995571514359757,2015_2065,MIROC-ES2L,ssp245,r2i1p1f2,all,2047.645,2044.158,3.48700000000008
69,0,0.0833964560984859,0.02423291671987,3.441453501554939,2015_2065,MIROC-ES2L,ssp245,r1i1p1f2,all,2055.22,2049.865,5.355000000000018
70,0,0.0466338965036198,0.0219200629712181,2.127452670407556,2015_2065,KIOST-ESM,ssp245,r1i1p1f1,all,2080.761,2063.953,16.807999999999993
71,0,0.0984025635870334,0.0337829203195701,2.9127903288464307,2015_2065,IPSL-CM6A-LR,ssp245,r6i1p1f1,all,2056.037,2048.009,8.027999999999793
72,0,0.1088482417456165,0.036198421150311,3.0069886554894976,2015_2065,IPSL-CM6A-LR,ssp245,r5i1p1f1,all,2055.47,2046.965,8.504999999999882
73,0,0.0871796869476456,0.0312119538320135,2.7931505799623118,2015_2065,IPSL-CM6A-LR,ssp245,r4i1p1f1,all,2061.33,2055.88,5.449999999999818
74,0,0.0978111826348629,0.0340123600334063,2.875754065251408,2015_2065,IPSL-CM6A-LR,ssp245,r3i1p1f1,all,2058.002,2048.819,9.182999999999993
75,0,0.0754448606741374,0.0311127399427319,2.4248864231503267,2015_2065,IPSL-CM6A-LR,ssp245,r2i1p1f1,all,2060.453,2050.517,9.93600000000015
76,0,0.0998679265501271,0.0347351737043976,2.8751238557210224,2015_2065,IPSL-CM6A-LR,ssp245,r25i1p1f1,all,,,
77,0,0.0735382577197044,0.0321934985682975,2.2842580331458957,2015_2065,IPSL-CM6A-LR,ssp245,r22i1p1f1,all,,,
78,0,0.0869376949810873,0.0338117587404553,2.571226644802348,2015_2065,IPSL-CM6A-LR,ssp245,r1i1p1f1,all,2054.32,2048.675,5.644999999999982
79,0,0.1011284212828761,0.0359041046556843,2.816625626865906,2015_2065,IPSL-CM6A-LR,ssp245,r14i1p1f1,all,,,
80,0,0.0851114457764777,0.0335987129038815,2.53317578027357,2015_2065,IPSL-CM6A-LR,ssp245,r11i1p1f1,all,,,
81,0,0.0977847911437712,0.0357458164681136,2.735559033348647,2015_2065,IPSL-CM6A-LR,ssp245,r10i1p1f1,all,,,
82,0,0.0287215905255503,0.0169614043968484,1.6933497871725172,2015_2065,INM-CM5-0,ssp245,r1i1p1f1,all,2066.014,2060.261,5.753000000000156
83,0,0.0649053237719683,0.0225409195042827,2.8794443704763864,2015_2065,INM-CM4-8,ssp245,r1i1p1f1,all,2058.916,2050.208,8.708000000000084
84,0,0.07674972187382,0.0278860663072834,2.75226061030251,2015_2065,FIO-ESM-2-0,ssp245,r1i1p1f1,all,2070.413,2057.141,13.271999999999935
85,0,0.0476938714051603,0.0218509126488292,2.1826947080727903,2015_2065,EC-Earth3-Veg-LR,ssp245,r1i1p1f1,all,2067.646,2063.891,3.755000000000109
86,0,0.0563538707215014,0.0277190128576892,2.0330403182402264,2015_2065,EC-Earth3-Veg,ssp245,r5i1p1f1,all,2070.866,2065.947,4.918999999999869
87,0,0.0738899208860495,0.0272479816495186,2.7117575839733714,2015_2065,EC-Earth3-Veg,ssp245,r1i1p1f1,all,2075.527,2065.659,9.867999999999938
88,0,0.0625032139774457,0.0233369656231376,2.6782922418789736,2015_2065,EC-Earth3-CC,ssp245,r1i1p1f1,all,2078.686,2071.246,7.440000000000055
89,0,0.0643182280830889,0.0262249445616922,2.4525591629673404,2015_2065,EC-Earth3,ssp245,r9i1p1f1,all,2059.678,2055.911,3.7669999999998254
90,0,0.0758528817703878,0.0274808821905436,2.760205485560765,2015_2065,EC-Earth3,ssp245,r7i1p1f1,all,2052.105,2048.018,4.086999999999989
91,0,0.0639173059425415,0.0279484736385927,2.286969469927724,2015_2065,EC-Earth3,ssp245,r6i1p1f1,all,2062.842,2057.197,5.644999999999982
92,0,0.0973348826705157,0.0305858195078604,3.1823532681706017,2015_2065,EC-Earth3,ssp245,r4i1p1f1,all,2061.795,2055.127,6.66800000000012
93,0,0.0780088191511156,0.0284689457670236,2.7401372635819645,2015_2065,EC-Earth3,ssp245,r2i1p1f1,all,,,
94,0,0.0990518521216488,0.0326772812026844,3.031214607704627,2015_2065,EC-Earth3,ssp245,r25i1p1f1,all,2052.63,2049.26,3.369999999999891
95,0,0.099569319196489,0.0309937144786211,3.212564898123777,2015_2065,EC-Earth3,ssp245,r24i1p1f1,all,2057.078,2050.942,6.135999999999967
96,0,0.1019768801640145,0.0343957632811273,2.964809338014265,2015_2065,EC-Earth3,ssp245,r23i1p1f1,all,2052.088,2047.508,4.580000000000155
97,0,0.0882876411528856,0.0284716241341566,3.100899363411071,2015_2065,EC-Earth3,ssp245,r22i1p1f1,all,2064.892,2060.271,4.62099999999964
98,0,0.0662391702848795,0.0273529491283748,2.4216463816753704,2015_2065,EC-Earth3,ssp245,r21i1p1f1,all,2067.591,2065.002,2.588999999999942
99,0,0.118486371619091,0.0345079620803732,3.433595161114469,2015_2065,EC-Earth3,ssp245,r20i1p1f1,all,2045.141,2038.172,6.969000000000051
100,0,0.0788802854202086,0.0271471859157006,2.9056523819873377,2015_2065,EC-Earth3,ssp245,r1i1p1f1,all,2061.003,2056.082,4.9210000000002765
101,0,0.1337797185144688,0.039327406841873,3.401691829119777,2015_2065,EC-Earth3,ssp245,r19i1p1f1,all,2034.789,2030.442,4.34699999999998
102,0,0.114914036697747,0.0352681944465751,3.258290890729348,2015_2065,EC-Earth3,ssp245,r18i1p1f1,all,2047.246,2041.649,5.597000000000207
103,0,0.0509092748714266,0.0247863813747955,2.0539212280173587,2015_2065,EC-Earth3,ssp245,r17i1p1f1,all,2066.391,2061.675,4.7159999999998945
104,0,0.0634453661182436,0.0276063886455551,2.298213175683117,2015_2065,EC-Earth3,ssp245,r16i1p1f1,all,2057.397,2055.387,2.0099999999997635
105,0,0.0717560905932662,0.0271332494086492,2.644581543204055,2015_2065,EC-Earth3,ssp245,r14i1p1f1,all,2058.81,2053.764,5.045999999999822
106,0,0.0637957175880245,0.027400291019339,2.3282861318150814,2015_2065,EC-Earth3,ssp245,r12i1p1f1,all,2064.501,2059.141,5.360000000000127
107,0,0.1546499901965631,0.0453870202106613,3.4073616086441367,2015_2065,EC-Earth3,ssp245,r10i1p1f1,all,2040.053,2035.245,4.80800000000022
108,0,0.1687384299285668,-0.0083357820055482,-20.242663473715528,2015_2065,E3SM-1-1,ssp245,r1i1p1f1,all,,,
109,0,0.0515484416212705,0.0202124131762472,2.5503358343103755,2015_2065,MPI-ESM1-2-HR,ssp245,r2i1p1f1,all,2068.565,2061.177,7.38799999999992
110,0,0.0373510246301139,0.0196770305836879,1.898204328709922,2015_2065,MPI-ESM1-2-HR,ssp245,r1i1p1f1,all,2069.633,2061.961,7.6720000000000255
111,0,0.1053795569901796,0.0388284122001824,2.713980588412636,2015_2065,ACCESS-CM2,ssp245,r3i1p1f1,all,,,
112,0,0.1066945269996847,0.0379711876063275,2.8098812211474,2015_2065,ACCESS-CM2,ssp245,r2i1p1f1,all,2045.974,2041.323,4.65099999999984
113,0,0.1004866913070902,0.038713381531038,2.595657814766867,2015_2065,ACCESS-CM2,ssp245,r1i1p1f1,all,2041.898,2038.298,3.599999999999909
114,0,0.0686315812325057,0.0276210087253761,2.484760130047392,2015_2065,ACCESS-ESM1-5,ssp245,r3i1p1f1,all,2048.543,2044.379,4.164000000000215
115,0,0.0643194659346651,0.0296825536398065,2.1669114697870167,2015_2065,ACCESS-ESM1-5,ssp245,r2i1p1f1,all,2052.644,2048.495,4.148999999999887
116,0,0.0880085947325313,0.0312546766325396,2.8158536326337966,2015_2065,ACCESS-ESM1-5,ssp245,r1i1p1f1,all,2044.849,2041.829,3.019999999999982
117,0,0.0531860062216276,0.0292928464435779,1.8156653476496791,2015_2065,CNRM-ESM2-1,ssp245,r5i1p1f2,all,2045.468,2041.628,3.8400000000001455
118,0,0.0928244464578131,0.0377692991963839,2.457669282534641,2015_2065,CNRM-ESM2-1,ssp245,r4i1p1f2,all,2035.045,2031.606,3.439000000000078
119,0,0.1123821417031016,0.0367932360622291,3.054423957518372,2015_2065,CNRM-ESM2-1,ssp245,r3i1p1f2,all,2043.157,2041.009,2.147999999999911
120,0,0.0725645273096277,0.030240906363609,2.3995486919978584,2015_2065,CNRM-ESM2-1,ssp245,r2i1p1f2,all,2046.201,2043.738,2.4629999999999654
121,0,0.0277288054959732,0.0253317231955171,1.0946276841079792,2015_2065,CNRM-ESM2-1,ssp245,r1i1p1f2,all,2049.798,2047.654,2.143999999999778
122,0,0.0780524701168655,0.0355867281773654,2.1933027877092077,2015_2065,CNRM-CM6-1-HR,ssp245,r1i1p1f2,all,2050.527,2046.817,3.7100000000000364
123,0,0.0157025484343258,0.048555339457094,0.3233948852978664,2015_2065,CNRM-CM6-1,ssp245,r9i1p1f2,all,,,
124,0,0.4684429536733871,0.0489853290779267,9.562923481195348,2015_2065,CNRM-CM6-1,ssp245,r8i1p1f2,all,,,
125,0,0.1069136053234729,0.0151602211176428,7.052245774901742,2015_2065,CNRM-CM6-1,ssp245,r7i1p1f2,all,,,
126,0,0.0416904219981981,0.029042000613301,1.4355216967767783,2015_2065,CNRM-CM6-1,ssp245,r6i1p1f2,all,2053.084,2049.249,3.8350000000000364
127,0,0.0579576766186451,0.0275205924709825,2.105974886978004,2015_2065,CNRM-CM6-1,ssp245,r5i1p1f2,all,2053.562,2049.16,4.402000000000044
128,0,0.0766907414951457,0.031898311449275,2.4042257414502948,2015_2065,CNRM-CM6-1,ssp245,r4i1p1f2,all,2042.45,2039.371,3.078999999999951
129,0,0.0419464039812236,0.027437316669362,1.5288085379013467,2015_2065,CNRM-CM6-1,ssp245,r3i1p1f2,all,2057.473,2052.472,5.000999999999749
130,0,0.0801100502529275,0.0318035747850498,2.518900808929996,2015_2065,CNRM-CM6-1,ssp245,r2i1p1f2,all,2048.515,2040.248,8.266999999999825
131,0,0.0575186722061698,0.0291769121135983,1.97137627114976,2015_2065,CNRM-CM6-1,ssp245,r1i1p1f2,all,2051.975,2045.954,6.020999999999958
132,0,0.0167125820683379,0.0487302787872408,0.342960936901387,2015_2065,CNRM-CM6-1,ssp245,r10i1p1f2,all,,,
133,0,0.140378684369124,0.043005332434123,3.26421577101306,2015_2065,CMCC-ESM2,ssp245,r1i1p1f1,all,2043.259,2039.941,3.3179999999999836
134,0,0.1088058088503541,0.0365548739939408,2.9765061936306823,2015_2065,CMCC-CM2-SR5,ssp245,r1i1p1f1,all,2050.796,2046.042,4.753999999999905
135,0,0.1052449317636751,0.0389147144452929,2.704502224001424,2015_2065,CanESM5-CanOE,ssp245,r3i1p2f1,all,2059.342,2054.05,5.291999999999916
136,0,0.1221986089728043,0.0408925423742011,2.988285928876329,2015_2065,CanESM5-CanOE,ssp245,r2i1p2f1,all,2056.273,2048.004,8.269000000000233
137,0,0.1233630750725119,0.0383664931001658,3.2153857468922187,2015_2065,CanESM5-CanOE,ssp245,r1i1p2f1,all,2065.374,2051.66,13.713999999999942
138,0,0.0977762119230003,0.0371694673882412,2.6305518694069945,2015_2065,CanESM5,ssp245,r9i1p2f1,all,2066.465,2058.759,7.706000000000131
139,0,0.1141584985298257,0.0395489601364266,2.8865107486019514,2015_2065,CanESM5,ssp245,r9i1p1f1,all,2056.307,2048.697,7.609999999999673
140,0,0.1040873459774191,0.0358941959905225,2.8998377900678456,2015_2065,CanESM5,ssp245,r8i1p2f1,all,2064.605,2058.415,6.190000000000055
141,0,0.1109249618020779,0.0393655032330248,2.8178215110183014,2015_2065,CanESM5,ssp245,r8i1p1f1,all,2062.759,2052.954,9.804999999999836
142,0,0.1117451529679172,0.0388299573082062,2.8778077730284104,2015_2065,CanESM5,ssp245,r7i1p2f1,all,2066.524,2056.278,10.246000000000095
143,0,0.1090090921914325,0.0369033620921977,2.953906799036061,2015_2065,CanESM5,ssp245,r7i1p1f1,all,2064.653,2057.678,6.974999999999909
144,0,0.1111086345499265,0.041570402049537,2.672782293938964,2015_2065,CanESM5,ssp245,r6i1p2f1,all,2057.268,2049.593,7.675000000000182
145,0,0.1121574356882174,0.0382829296924868,2.929698343077142,2015_2065,CanESM5,ssp245,r6i1p1f1,all,2058.64,2053.045,5.5949999999998
146,0,0.0898419477980942,0.0339528588504657,2.646079029567836,2015_2065,CanESM5,ssp245,r5i1p2f1,all,2072.429,2062.614,9.815000000000055
147,0,0.0940382315482308,0.038727599920485,2.4281967315637627,2015_2065,CanESM5,ssp245,r5i1p1f1,all,2057.7,2052.706,4.993999999999687
148,0,0.1273946371180359,0.0393534514409189,3.2371909566634214,2015_2065,CanESM5,ssp245,r4i1p2f1,all,2064.146,2051.602,12.544000000000324
149,0,0.1353389165104472,0.0392148284635922,3.451217863571641,2015_2065,CanESM5,ssp245,r4i1p1f1,all,2069.747,2055.464,14.282999999999902
150,0,0.1052449317636751,0.0389147144452929,2.704502224001424,2015_2065,CanESM5,ssp245,r3i1p2f1,all,2059.342,2054.05,5.291999999999916
151,0,0.1231062458309205,0.0432752682420503,2.8447251936684474,2015_2065,CanESM5,ssp245,r3i1p1f1,all,2055.43,2049.105,6.324999999999818
152,0,0.1221986089728043,0.0408925423742011,2.988285928876329,2015_2065,CanESM5,ssp245,r2i1p2f1,all,2056.273,2048.004,8.269000000000233
153,0,0.1167613068661652,0.0371638672265351,3.141796470061576,2015_2065,CanESM5,ssp245,r2i1p1f1,all,2063.77,2055.873,7.8969999999999345
154,0,0.1147479995264826,0.0389653659498054,2.944871598903986,2015_2065,CanESM5,ssp245,r25i1p2f1,all,2062.486,2055.797,6.688999999999851
155,0,0.1152056491823593,0.0370815829759693,3.1068158351551034,2015_2065,CanESM5,ssp245,r25i1p1f1,all,2065.319,2054.203,11.115999999999985
156,0,0.1179963764006582,0.0374662966602229,3.1494005791592468,2015_2065,CanESM5,ssp245,r24i1p2f1,all,2062.629,2053.696,8.932999999999993
157,0,0.1140520554130973,0.0385979556180854,2.9548729611901265,2015_2065,CanESM5,ssp245,r24i1p1f1,all,2058.96,2050.609,8.351000000000113
158,0,0.132780204248249,0.0398933468477965,3.328379660769999,2015_2065,CanESM5,ssp245,r23i1p2f1,all,2059.421,2051.709,7.711999999999989
159,0,0.1239348553740823,0.037585522367015,3.297409416420595,2015_2065,CanESM5,ssp245,r23i1p1f1,all,2068.086,2056.369,11.716999999999643
160,0,0.1258659559493885,0.0392723128227731,3.2049539969136127,2015_2065,CanESM5,ssp245,r22i1p2f1,all,2073.549,2054.064,19.485000000000127
161,0,0.1095093300827946,0.0391170214723678,2.7995314050215097,2015_2065,CanESM5,ssp245,r22i1p1f1,all,2065.984,2054.535,11.44900000000007
162,0,0.1283378787443582,0.0401764599706449,3.194355073546268,2015_2065,CanESM5,ssp245,r21i1p2f1,all,2062.75,2054.082,8.66800000000012
163,0,0.1259912450503599,0.0385003056619124,3.2724738903826576,2015_2065,CanESM5,ssp245,r21i1p1f1,all,2063.078,2051.233,11.8449999999998
164,0,0.1386952869329421,0.0398775780351597,3.4780268453278587,2015_2065,CanESM5,ssp245,r20i1p2f1,all,2061.112,2053.859,7.253000000000156
165,0,0.1060224640569508,0.0392549517467378,2.700868536050649,2015_2065,CanESM5,ssp245,r20i1p1f1,all,2057.867,2050.56,7.307000000000244
166,0,0.1233630750725119,0.0383664931001658,3.2153857468922187,2015_2065,CanESM5,ssp245,r1i1p2f1,all,2065.374,2051.66,13.713999999999942
167,0,0.1008772875316993,0.0386059930866084,2.6129955342786206,2015_2065,CanESM5,ssp245,r1i1p1f1,all,2055.588,2051.302,4.286000000000058
168,0,0.1165146927670198,0.0364997395866139,3.192206138636422,2015_2065,CanESM5,ssp245,r19i1p2f1,all,2064.408,2057.32,7.087999999999738
169,0,0.103268418838575,0.0373389212055001,2.765704404533337,2015_2065,CanESM5,ssp245,r19i1p1f1,all,2066.611,2058.322,8.28899999999976
170,0,0.129960058755846,0.0412876909997372,3.147670785384268,2015_2065,CanESM5,ssp245,r18i1p2f1,all,2057.183,2051.229,5.954000000000178
171,0,0.1213446928865181,0.0393688430237174,3.0822519425682677,2015_2065,CanESM5,ssp245,r18i1p1f1,all,2059.805,2051.731,8.073999999999614
172,0,0.1307192959888423,0.0390402714300571,3.348319343092512,2015_2065,CanESM5,ssp245,r17i1p2f1,all,2061.66,2054.314,7.346000000000004
173,0,0.1120747788421427,0.0370963940067481,3.02117717484226,2015_2065,CanESM5,ssp245,r17i1p1f1,all,2068.18,2057.096,11.083999999999833
174,0,0.1482923664877752,0.0402005754446463,3.688812034344248,2015_2065,CanESM5,ssp245,r16i1p2f1,all,2062.583,2050.978,11.605000000000018
175,0,0.1254048964844118,0.0393456054855946,3.187265640894141,2015_2065,CanESM5,ssp245,r16i1p1f1,all,2058.399,2050.648,7.750999999999749
176,0,0.1435332145730511,0.040266312305794,3.564597956798686,2015_2065,CanESM5,ssp245,r15i1p2f1,all,2059.589,2049.582,10.007000000000062
177,0,0.1106809606504832,0.0377929200981179,2.9286162689501976,2015_2065,CanESM5,ssp245,r15i1p1f1,all,2062.489,2053.047,9.442000000000007
178,0,0.124209682680822,0.0393130180615936,3.1595051411778314,2015_2065,CanESM5,ssp245,r14i1p2f1,all,2063.454,2054.815,8.639000000000124
179,0,0.1218253241682781,0.0414182227992103,2.941346005087425,2015_2065,CanESM5,ssp245,r14i1p1f1,all,2056.975,2048.955,8.019999999999982
180,0,0.1008300934230611,0.035432750614258,2.84567502310948,2015_2065,CanESM5,ssp245,r13i1p2f1,all,2062.822,2058.076,4.746000000000095
181,0,0.1211875654213616,0.0378251942365252,3.2038848145382177,2015_2065,CanESM5,ssp245,r13i1p1f1,all,2068.541,2056.185,12.356000000000222
182,0,0.1230556567422348,0.0384335937059386,3.2017733674283124,2015_2065,CanESM5,ssp245,r12i1p2f1,all,2060.298,2051.663,8.634999999999764
183,0,0.1299601415026626,0.0406728973221061,3.195251630919047,2015_2065,CanESM5,ssp245,r12i1p1f1,all,2056.453,2051.215,5.237999999999829
184,0,0.1137683486160733,0.0354174163651497,3.2122147884287764,2015_2065,CanESM5,ssp245,r11i1p2f1,all,2066.188,2057.676,8.512000000000171
185,0,0.1112875844597339,0.0402871951415736,2.762356229284689,2015_2065,CanESM5,ssp245,r11i1p1f1,all,2054.034,2048.511,5.523000000000138
186,0,0.1116599909008271,0.0371911165651509,3.002329620978774,2015_2065,CanESM5,ssp245,r10i1p2f1,all,2068.157,2054.142,14.015000000000327
187,0,0.0817505885038296,0.037048691045039,2.206571573728412,2015_2065,CanESM5,ssp245,r10i1p1f1,all,2061.795,2055.281,6.514000000000124
188,0,0.0263264984216721,0.0209700511037018,1.2554332028797377,2015_2065,IITM-ESM,ssp245,r1i1p1f1,all,2077.112,2058.721,18.391000000000076
189,0,0.0376001236480507,0.0155331704058656,2.4206342083166907,2015_2065,FGOALS-g3,ssp245,r1i1p1f1,all,2100.199,2076.833,23.365999999999985
190,0,0.0708256749505064,0.0259566109225288,2.7286179679579745,2015_2065,FGOALS-f3-L,ssp245,r1i1p1f1,all,2070.506,2055.72,14.786000000000058
191,0,0.0706200891881636,0.0327543185332624,2.1560542960601694,2015_2065,CAS-ESM2-0,ssp245,r1i1p1f1,all,2045.728,2043.574,2.1539999999999964
192,0,0.026230450585571,0.0210201677364199,1.247870659953094,2015_2065,CAMS-CSM1-0,ssp245,r1i1p1f1,all,2059.474,2052.314,7.160000000000309
193,0,0.0601310364665656,0.0259894048516546,2.3136750075574466,2015_2065,BCC-CSM2-MR,ssp245,r1i1p1f1,all,2052.999,2042.109,10.889999999999873
194,0,0.0620015438590678,0.0263575495103374,2.3523258045954125,2015_2065,AWI-CM-1-1-MR,ssp245,r1i1p1f1,all,,,
195,0,0.0978875108297945,0.0416576948414806,2.3498062291320823,2015_2065,TaiESM1,ssp245,r1i1p1f1,all,,,
