,Month,Year,No_arctic_temp,Global_temp,Units,Experiment,Model,Ensemble_member
0,Jan,2015,286.96692737918875,285.1595963451488,K,ssp370,IPSL-CM6A-LR,r8i1p1f1
1,Feb,2015,287.3043715756296,285.5310365861888,K,ssp370,IPSL-CM6A-LR,r8i1p1f1
2,Mar,2015,288.06406408920736,286.431906035101,K,ssp370,IPSL-CM6A-LR,r8i1p1f1
3,Apr,2015,288.58516207279536,287.2806189827377,K,ssp370,IPSL-CM6A-LR,r8i1p1f1
4,May,2015,289.12658738614186,288.2098174806313,K,ssp370,IPSL-CM6A-LR,r8i1p1f1
5,Jun,2015,289.53602889230405,288.9115469465488,K,ssp370,IPSL-CM6A-LR,r8i1p1f1
6,Jul,2015,289.99272286167985,289.4954635757538,K,ssp370,IPSL-CM6A-LR,r8i1p1f1
7,Aug,2015,289.90124220576575,289.38798083398,K,ssp370,IPSL-CM6A-LR,r8i1p1f1
8,Sep,2015,289.5215697230702,288.83363617981854,K,ssp370,IPSL-CM6A-LR,r8i1p1f1
9,Oct,2015,288.56148290488187,287.62496557092106,K,ssp370,IPSL-CM6A-LR,r8i1p1f1
10,Nov,2015,287.75857401564565,286.5389318414889,K,ssp370,IPSL-CM6A-LR,r8i1p1f1
11,Dec,2015,287.1768426999452,285.7648402844206,K,ssp370,IPSL-CM6A-LR,r8i1p1f1
12,Jan,2016,287.17664285782183,285.523725569164,K,ssp370,IPSL-CM6A-LR,r8i1p1f1
13,Feb,2016,287.2321357541189,285.6014861169765,K,ssp370,IPSL-CM6A-LR,r8i1p1f1
14,Mar,2016,287.82545740084646,286.20150340020916,K,ssp370,IPSL-CM6A-LR,r8i1p1f1
15,Apr,2016,288.5184942250802,287.211864072753,K,ssp370,IPSL-CM6A-LR,r8i1p1f1
16,May,2016,288.97898762220154,288.05325946658525,K,ssp370,IPSL-CM6A-LR,r8i1p1f1
17,Jun,2016,289.43354560697327,288.82249402835396,K,ssp370,IPSL-CM6A-LR,r8i1p1f1
18,Jul,2016,289.8964983414468,289.4072140402437,K,ssp370,IPSL-CM6A-LR,r8i1p1f1
19,Aug,2016,289.96368391951063,289.4338210599604,K,ssp370,IPSL-CM6A-LR,r8i1p1f1
20,Sep,2016,289.3423123914539,288.67626086006464,K,ssp370,IPSL-CM6A-LR,r8i1p1f1
21,Oct,2016,288.6244885100039,287.67922575995385,K,ssp370,IPSL-CM6A-LR,r8i1p1f1
22,Nov,2016,287.75241795188686,286.56137632952306,K,ssp370,IPSL-CM6A-LR,r8i1p1f1
23,Dec,2016,287.28736297860576,285.7328360044056,K,ssp370,IPSL-CM6A-LR,r8i1p1f1
24,Jan,2017,286.95742394361395,285.21969897295514,K,ssp370,IPSL-CM6A-LR,r8i1p1f1
25,Feb,2017,287.4778193905768,285.7893045183733,K,ssp370,IPSL-CM6A-LR,r8i1p1f1
26,Mar,2017,288.16321220297243,286.5182994134256,K,ssp370,IPSL-CM6A-LR,r8i1p1f1
27,Apr,2017,288.6369792595638,287.305548717241,K,ssp370,IPSL-CM6A-LR,r8i1p1f1
28,May,2017,289.10406495538643,288.2090273352258,K,ssp370,IPSL-CM6A-LR,r8i1p1f1
29,Jun,2017,289.650926323074,288.9997508781271,K,ssp370,IPSL-CM6A-LR,r8i1p1f1
30,Jul,2017,289.9241387449813,289.42381863928637,K,ssp370,IPSL-CM6A-LR,r8i1p1f1
31,Aug,2017,289.97959525620166,289.4949130518794,K,ssp370,IPSL-CM6A-LR,r8i1p1f1
32,Sep,2017,289.4382150069022,288.8102832162882,K,ssp370,IPSL-CM6A-LR,r8i1p1f1
33,Oct,2017,288.7025769867929,287.7665421431052,K,ssp370,IPSL-CM6A-LR,r8i1p1f1
34,Nov,2017,287.72713450050225,286.5233972819866,K,ssp370,IPSL-CM6A-LR,r8i1p1f1
35,Dec,2017,287.156140076987,285.67416723202786,K,ssp370,IPSL-CM6A-LR,r8i1p1f1
36,Jan,2018,287.1460249479096,285.5208835481625,K,ssp370,IPSL-CM6A-LR,r8i1p1f1
37,Feb,2018,287.4048584378907,285.6677097385876,K,ssp370,IPSL-CM6A-LR,r8i1p1f1
38,Mar,2018,287.9872596830567,286.40990554997643,K,ssp370,IPSL-CM6A-LR,r8i1p1f1
39,Apr,2018,288.622381771653,287.3547084508555,K,ssp370,IPSL-CM6A-LR,r8i1p1f1
40,May,2018,288.9787091566751,288.0873127994084,K,ssp370,IPSL-CM6A-LR,r8i1p1f1
41,Jun,2018,289.61609841041195,288.98461736527963,K,ssp370,IPSL-CM6A-LR,r8i1p1f1
42,Jul,2018,289.92238922891346,289.42539097872736,K,ssp370,IPSL-CM6A-LR,r8i1p1f1
43,Aug,2018,290.0251923526234,289.52384318876057,K,ssp370,IPSL-CM6A-LR,r8i1p1f1
44,Sep,2018,289.4973263608015,288.8508045783178,K,ssp370,IPSL-CM6A-LR,r8i1p1f1
45,Oct,2018,288.6510723000891,287.7402328370828,K,ssp370,IPSL-CM6A-LR,r8i1p1f1
46,Nov,2018,287.82272549322244,286.59254010596106,K,ssp370,IPSL-CM6A-LR,r8i1p1f1
47,Dec,2018,287.47291328684105,285.89499165876265,K,ssp370,IPSL-CM6A-LR,r8i1p1f1
48,Jan,2019,287.4852533579434,285.6920902922246,K,ssp370,IPSL-CM6A-LR,r8i1p1f1
49,Feb,2019,287.53460240420833,285.8030205331575,K,ssp370,IPSL-CM6A-LR,r8i1p1f1
50,Mar,2019,287.99600777294074,286.45920821645984,K,ssp370,IPSL-CM6A-LR,r8i1p1f1
51,Apr,2019,288.65159200262224,287.45143088140696,K,ssp370,IPSL-CM6A-LR,r8i1p1f1
52,May,2019,289.11801875214417,288.19087489843946,K,ssp370,IPSL-CM6A-LR,r8i1p1f1
53,Jun,2019,289.72594787522627,289.0952116481844,K,ssp370,IPSL-CM6A-LR,r8i1p1f1
54,Jul,2019,289.9583057912662,289.46464759901664,K,ssp370,IPSL-CM6A-LR,r8i1p1f1
55,Aug,2019,289.8772324592951,289.3765911076019,K,ssp370,IPSL-CM6A-LR,r8i1p1f1
56,Sep,2019,289.4881922164832,288.8099440194158,K,ssp370,IPSL-CM6A-LR,r8i1p1f1
57,Oct,2019,288.60527889586496,287.71702002575006,K,ssp370,IPSL-CM6A-LR,r8i1p1f1
58,Nov,2019,287.77872830547824,286.59488101989825,K,ssp370,IPSL-CM6A-LR,r8i1p1f1
59,Dec,2019,286.9636097304148,285.4564352334593,K,ssp370,IPSL-CM6A-LR,r8i1p1f1
60,Jan,2020,286.8906435082196,285.17532753628086,K,ssp370,IPSL-CM6A-LR,r8i1p1f1
61,Feb,2020,287.3190016775362,285.46907060084146,K,ssp370,IPSL-CM6A-LR,r8i1p1f1
62,Mar,2020,287.99431241019823,286.2476534023495,K,ssp370,IPSL-CM6A-LR,r8i1p1f1
63,Apr,2020,288.45994626040954,287.13539937155025,K,ssp370,IPSL-CM6A-LR,r8i1p1f1
64,May,2020,288.9562773776967,288.0507752045916,K,ssp370,IPSL-CM6A-LR,r8i1p1f1
65,Jun,2020,289.45408100761387,288.8151581163672,K,ssp370,IPSL-CM6A-LR,r8i1p1f1
66,Jul,2020,289.876814632413,289.39231875864505,K,ssp370,IPSL-CM6A-LR,r8i1p1f1
67,Aug,2020,289.7537020108598,289.2692866175214,K,ssp370,IPSL-CM6A-LR,r8i1p1f1
68,Sep,2020,289.2220127415629,288.5567569567864,K,ssp370,IPSL-CM6A-LR,r8i1p1f1
69,Oct,2020,288.4212987843598,287.46068562476245,K,ssp370,IPSL-CM6A-LR,r8i1p1f1
70,Nov,2020,287.6272164486581,286.32384972816305,K,ssp370,IPSL-CM6A-LR,r8i1p1f1
71,Dec,2020,286.8575883327498,285.294519306492,K,ssp370,IPSL-CM6A-LR,r8i1p1f1
72,Jan,2021,286.76439296520806,285.1078776511911,K,ssp370,IPSL-CM6A-LR,r8i1p1f1
73,Feb,2021,287.1699020928219,285.45531454215774,K,ssp370,IPSL-CM6A-LR,r8i1p1f1
74,Mar,2021,287.8879791251119,286.2685245380628,K,ssp370,IPSL-CM6A-LR,r8i1p1f1
75,Apr,2021,288.54842844809343,287.2136444285404,K,ssp370,IPSL-CM6A-LR,r8i1p1f1
76,May,2021,288.9559145464684,288.0147227531649,K,ssp370,IPSL-CM6A-LR,r8i1p1f1
77,Jun,2021,289.6540014420289,289.02991219641166,K,ssp370,IPSL-CM6A-LR,r8i1p1f1
78,Jul,2021,289.9506021630347,289.4586886115218,K,ssp370,IPSL-CM6A-LR,r8i1p1f1
79,Aug,2021,289.9669788873083,289.4349530984931,K,ssp370,IPSL-CM6A-LR,r8i1p1f1
80,Sep,2021,289.34680876008304,288.6859860258281,K,ssp370,IPSL-CM6A-LR,r8i1p1f1
81,Oct,2021,288.73153710260686,287.8006391654798,K,ssp370,IPSL-CM6A-LR,r8i1p1f1
82,Nov,2021,287.79434983364416,286.5844953433219,K,ssp370,IPSL-CM6A-LR,r8i1p1f1
83,Dec,2021,287.13071999134445,285.6427520796573,K,ssp370,IPSL-CM6A-LR,r8i1p1f1
84,Jan,2022,287.0747438958883,285.3454679919961,K,ssp370,IPSL-CM6A-LR,r8i1p1f1
85,Feb,2022,287.28851874523673,285.57787933839415,K,ssp370,IPSL-CM6A-LR,r8i1p1f1
86,Mar,2022,287.74336616954133,286.2249836416404,K,ssp370,IPSL-CM6A-LR,r8i1p1f1
87,Apr,2022,288.5811600542504,287.30034618418176,K,ssp370,IPSL-CM6A-LR,r8i1p1f1
88,May,2022,289.028568030935,288.11402844970877,K,ssp370,IPSL-CM6A-LR,r8i1p1f1
89,Jun,2022,289.51175800867645,288.87442851332395,K,ssp370,IPSL-CM6A-LR,r8i1p1f1
90,Jul,2022,289.81250256277923,289.3265394001597,K,ssp370,IPSL-CM6A-LR,r8i1p1f1
91,Aug,2022,289.73821426707985,289.2177590504664,K,ssp370,IPSL-CM6A-LR,r8i1p1f1
92,Sep,2022,289.42862249473274,288.7569111369201,K,ssp370,IPSL-CM6A-LR,r8i1p1f1
93,Oct,2022,288.6050262460581,287.6708729334235,K,ssp370,IPSL-CM6A-LR,r8i1p1f1
94,Nov,2022,287.94463261899324,286.66864270396366,K,ssp370,IPSL-CM6A-LR,r8i1p1f1
95,Dec,2022,287.2491972472196,285.7341821995672,K,ssp370,IPSL-CM6A-LR,r8i1p1f1
96,Jan,2023,287.17995044961833,285.5098374547386,K,ssp370,IPSL-CM6A-LR,r8i1p1f1
97,Feb,2023,287.3111965962482,285.53970109735843,K,ssp370,IPSL-CM6A-LR,r8i1p1f1
98,Mar,2023,288.02520277143736,286.42382430321726,K,ssp370,IPSL-CM6A-LR,r8i1p1f1
99,Apr,2023,288.60307119652566,287.3352424644148,K,ssp370,IPSL-CM6A-LR,r8i1p1f1
100,May,2023,289.0997750246137,288.17578456947706,K,ssp370,IPSL-CM6A-LR,r8i1p1f1
101,Jun,2023,289.5593068437649,288.95020957752956,K,ssp370,IPSL-CM6A-LR,r8i1p1f1
102,Jul,2023,289.8570011459394,289.37954600502064,K,ssp370,IPSL-CM6A-LR,r8i1p1f1
103,Aug,2023,290.0480646627246,289.52878654116694,K,ssp370,IPSL-CM6A-LR,r8i1p1f1
104,Sep,2023,289.6881804459336,288.9820043711711,K,ssp370,IPSL-CM6A-LR,r8i1p1f1
105,Oct,2023,288.8928280291092,287.94963714106086,K,ssp370,IPSL-CM6A-LR,r8i1p1f1
106,Nov,2023,287.8999253685868,286.669236592244,K,ssp370,IPSL-CM6A-LR,r8i1p1f1
107,Dec,2023,287.2757252781241,285.7129555110733,K,ssp370,IPSL-CM6A-LR,r8i1p1f1
108,Jan,2024,287.21226393597937,285.509745652844,K,ssp370,IPSL-CM6A-LR,r8i1p1f1
109,Feb,2024,287.3346886477148,285.6084451891721,K,ssp370,IPSL-CM6A-LR,r8i1p1f1
110,Mar,2024,287.9855337456002,286.50696949049245,K,ssp370,IPSL-CM6A-LR,r8i1p1f1
111,Apr,2024,288.5587267224609,287.28971521890406,K,ssp370,IPSL-CM6A-LR,r8i1p1f1
112,May,2024,288.9631021619335,288.04324536545255,K,ssp370,IPSL-CM6A-LR,r8i1p1f1
113,Jun,2024,289.64785814876024,289.0241424854857,K,ssp370,IPSL-CM6A-LR,r8i1p1f1
114,Jul,2024,289.9990529570243,289.4877572377651,K,ssp370,IPSL-CM6A-LR,r8i1p1f1
115,Aug,2024,290.15846167317267,289.6056473592311,K,ssp370,IPSL-CM6A-LR,r8i1p1f1
116,Sep,2024,289.6094675646143,288.9561826112172,K,ssp370,IPSL-CM6A-LR,r8i1p1f1
117,Oct,2024,288.7252523775966,287.8025296218716,K,ssp370,IPSL-CM6A-LR,r8i1p1f1
118,Nov,2024,287.98002063212476,286.79569645665237,K,ssp370,IPSL-CM6A-LR,r8i1p1f1
119,Dec,2024,287.53888067564054,285.9600750603065,K,ssp370,IPSL-CM6A-LR,r8i1p1f1
120,Jan,2025,287.2985694417914,285.5538242521129,K,ssp370,IPSL-CM6A-LR,r8i1p1f1
121,Feb,2025,287.54205484886955,285.7704757760805,K,ssp370,IPSL-CM6A-LR,r8i1p1f1
122,Mar,2025,288.062912578431,286.4693637784281,K,ssp370,IPSL-CM6A-LR,r8i1p1f1
123,Apr,2025,288.622978072469,287.40441307774194,K,ssp370,IPSL-CM6A-LR,r8i1p1f1
124,May,2025,289.00254350994646,288.10440998479396,K,ssp370,IPSL-CM6A-LR,r8i1p1f1
125,Jun,2025,289.47686357626,288.86656481885655,K,ssp370,IPSL-CM6A-LR,r8i1p1f1
126,Jul,2025,290.0080928190034,289.5283258799419,K,ssp370,IPSL-CM6A-LR,r8i1p1f1
127,Aug,2025,290.05492366938336,289.5300670431409,K,ssp370,IPSL-CM6A-LR,r8i1p1f1
128,Sep,2025,289.7283141628504,289.0339645185588,K,ssp370,IPSL-CM6A-LR,r8i1p1f1
129,Oct,2025,288.85194482513543,287.9448815512162,K,ssp370,IPSL-CM6A-LR,r8i1p1f1
130,Nov,2025,288.1549971246245,286.9291927114657,K,ssp370,IPSL-CM6A-LR,r8i1p1f1
131,Dec,2025,287.5532521698759,285.98469883221264,K,ssp370,IPSL-CM6A-LR,r8i1p1f1
132,Jan,2026,287.39006750456286,285.7474962216991,K,ssp370,IPSL-CM6A-LR,r8i1p1f1
133,Feb,2026,287.85559580236725,286.11427938920116,K,ssp370,IPSL-CM6A-LR,r8i1p1f1
134,Mar,2026,288.3033449426837,286.7357382242397,K,ssp370,IPSL-CM6A-LR,r8i1p1f1
135,Apr,2026,288.8427829642341,287.61201575710515,K,ssp370,IPSL-CM6A-LR,r8i1p1f1
136,May,2026,289.27952912725294,288.35362775118165,K,ssp370,IPSL-CM6A-LR,r8i1p1f1
137,Jun,2026,289.77709060306296,289.16206551937137,K,ssp370,IPSL-CM6A-LR,r8i1p1f1
138,Jul,2026,290.21152764613174,289.71519402729,K,ssp370,IPSL-CM6A-LR,r8i1p1f1
139,Aug,2026,290.14730283060294,289.64540399989,K,ssp370,IPSL-CM6A-LR,r8i1p1f1
140,Sep,2026,289.6292601912985,288.9819684085932,K,ssp370,IPSL-CM6A-LR,r8i1p1f1
141,Oct,2026,288.86317014318945,287.93865471759057,K,ssp370,IPSL-CM6A-LR,r8i1p1f1
142,Nov,2026,288.1321090639544,286.8730988715383,K,ssp370,IPSL-CM6A-LR,r8i1p1f1
143,Dec,2026,287.4650106596276,285.91942155282715,K,ssp370,IPSL-CM6A-LR,r8i1p1f1
144,Jan,2027,287.36179710911915,285.77566747940295,K,ssp370,IPSL-CM6A-LR,r8i1p1f1
145,Feb,2027,287.76318267575135,285.9522810938417,K,ssp370,IPSL-CM6A-LR,r8i1p1f1
146,Mar,2027,288.1096195081612,286.4732144747027,K,ssp370,IPSL-CM6A-LR,r8i1p1f1
147,Apr,2027,288.73513594295684,287.45620907767585,K,ssp370,IPSL-CM6A-LR,r8i1p1f1
148,May,2027,289.2738286355445,288.3512988447731,K,ssp370,IPSL-CM6A-LR,r8i1p1f1
149,Jun,2027,289.60784237287845,288.97503067336874,K,ssp370,IPSL-CM6A-LR,r8i1p1f1
150,Jul,2027,290.0334129039865,289.5373880717368,K,ssp370,IPSL-CM6A-LR,r8i1p1f1
151,Aug,2027,290.07442035044784,289.55476940033043,K,ssp370,IPSL-CM6A-LR,r8i1p1f1
152,Sep,2027,289.4894385387686,288.8178338597937,K,ssp370,IPSL-CM6A-LR,r8i1p1f1
153,Oct,2027,288.7191226201494,287.81569744851816,K,ssp370,IPSL-CM6A-LR,r8i1p1f1
154,Nov,2027,287.70125281022877,286.54802521083855,K,ssp370,IPSL-CM6A-LR,r8i1p1f1
155,Dec,2027,287.1485962557749,285.69479367377744,K,ssp370,IPSL-CM6A-LR,r8i1p1f1
156,Jan,2028,287.12566847081115,285.46610702572457,K,ssp370,IPSL-CM6A-LR,r8i1p1f1
157,Feb,2028,287.4907576499432,285.77656471784655,K,ssp370,IPSL-CM6A-LR,r8i1p1f1
158,Mar,2028,287.9941522941442,286.4485589233862,K,ssp370,IPSL-CM6A-LR,r8i1p1f1
159,Apr,2028,288.68566377288965,287.31328434690596,K,ssp370,IPSL-CM6A-LR,r8i1p1f1
160,May,2028,289.274521999553,288.37445070707935,K,ssp370,IPSL-CM6A-LR,r8i1p1f1
161,Jun,2028,290.03138296564464,289.37512312923843,K,ssp370,IPSL-CM6A-LR,r8i1p1f1
162,Jul,2028,290.31515457175465,289.81806368218986,K,ssp370,IPSL-CM6A-LR,r8i1p1f1
163,Aug,2028,290.4323185241221,289.9107623055249,K,ssp370,IPSL-CM6A-LR,r8i1p1f1
164,Sep,2028,289.8962728160643,289.22332641583296,K,ssp370,IPSL-CM6A-LR,r8i1p1f1
165,Oct,2028,289.1709884540323,288.2671470572269,K,ssp370,IPSL-CM6A-LR,r8i1p1f1
166,Nov,2028,288.17791833977316,286.9871607007652,K,ssp370,IPSL-CM6A-LR,r8i1p1f1
167,Dec,2028,287.47963124233434,286.11368318942584,K,ssp370,IPSL-CM6A-LR,r8i1p1f1
168,Jan,2029,287.5021139473828,285.7798573732473,K,ssp370,IPSL-CM6A-LR,r8i1p1f1
169,Feb,2029,287.88000321326786,286.11241394134356,K,ssp370,IPSL-CM6A-LR,r8i1p1f1
170,Mar,2029,288.19287146965155,286.59634800272454,K,ssp370,IPSL-CM6A-LR,r8i1p1f1
171,Apr,2029,288.74360716099335,287.39932981052095,K,ssp370,IPSL-CM6A-LR,r8i1p1f1
172,May,2029,289.3862472466146,288.4448837743488,K,ssp370,IPSL-CM6A-LR,r8i1p1f1
173,Jun,2029,289.9449875251942,289.33283613890563,K,ssp370,IPSL-CM6A-LR,r8i1p1f1
174,Jul,2029,290.2734386518261,289.7782410988179,K,ssp370,IPSL-CM6A-LR,r8i1p1f1
175,Aug,2029,290.3164666548252,289.8269467733877,K,ssp370,IPSL-CM6A-LR,r8i1p1f1
176,Sep,2029,290.00974210118466,289.3504345147016,K,ssp370,IPSL-CM6A-LR,r8i1p1f1
177,Oct,2029,289.06056003590527,288.1899772777509,K,ssp370,IPSL-CM6A-LR,r8i1p1f1
178,Nov,2029,288.26635982006655,287.07877793278016,K,ssp370,IPSL-CM6A-LR,r8i1p1f1
179,Dec,2029,287.36977527779476,285.9075039805835,K,ssp370,IPSL-CM6A-LR,r8i1p1f1
180,Jan,2030,287.05092956263087,285.4720402858903,K,ssp370,IPSL-CM6A-LR,r8i1p1f1
181,Feb,2030,287.65859475411247,285.9326641446049,K,ssp370,IPSL-CM6A-LR,r8i1p1f1
182,Mar,2030,288.17480359071243,286.6589957230298,K,ssp370,IPSL-CM6A-LR,r8i1p1f1
183,Apr,2030,288.6805402217643,287.4265911239686,K,ssp370,IPSL-CM6A-LR,r8i1p1f1
184,May,2030,289.4119523052526,288.4916256015223,K,ssp370,IPSL-CM6A-LR,r8i1p1f1
185,Jun,2030,289.9218492604588,289.2850655201848,K,ssp370,IPSL-CM6A-LR,r8i1p1f1
186,Jul,2030,290.23271165939536,289.7330074212869,K,ssp370,IPSL-CM6A-LR,r8i1p1f1
187,Aug,2030,290.26631089767267,289.7649325347681,K,ssp370,IPSL-CM6A-LR,r8i1p1f1
188,Sep,2030,289.82157601853686,289.19792915675765,K,ssp370,IPSL-CM6A-LR,r8i1p1f1
189,Oct,2030,289.0271058406826,288.207810949633,K,ssp370,IPSL-CM6A-LR,r8i1p1f1
190,Nov,2030,288.1486064552228,287.0327812567342,K,ssp370,IPSL-CM6A-LR,r8i1p1f1
191,Dec,2030,287.4484175951078,286.0917573094866,K,ssp370,IPSL-CM6A-LR,r8i1p1f1
192,Jan,2031,287.2475186799582,285.66572355164215,K,ssp370,IPSL-CM6A-LR,r8i1p1f1
193,Feb,2031,287.67230222057793,285.9824126684771,K,ssp370,IPSL-CM6A-LR,r8i1p1f1
194,Mar,2031,288.33100055784786,286.78046777868553,K,ssp370,IPSL-CM6A-LR,r8i1p1f1
195,Apr,2031,288.9921496715502,287.7347848459084,K,ssp370,IPSL-CM6A-LR,r8i1p1f1
196,May,2031,289.40168273918374,288.4900544407902,K,ssp370,IPSL-CM6A-LR,r8i1p1f1
197,Jun,2031,289.91999153466,289.2950874127829,K,ssp370,IPSL-CM6A-LR,r8i1p1f1
198,Jul,2031,290.53891984791085,290.0455856292249,K,ssp370,IPSL-CM6A-LR,r8i1p1f1
199,Aug,2031,290.4712486878971,289.97278165611766,K,ssp370,IPSL-CM6A-LR,r8i1p1f1
200,Sep,2031,290.1147106881442,289.48809075746266,K,ssp370,IPSL-CM6A-LR,r8i1p1f1
201,Oct,2031,289.2635138262979,288.382798407655,K,ssp370,IPSL-CM6A-LR,r8i1p1f1
202,Nov,2031,288.5135138824866,287.3251420919547,K,ssp370,IPSL-CM6A-LR,r8i1p1f1
203,Dec,2031,287.91777882509166,286.38416349783944,K,ssp370,IPSL-CM6A-LR,r8i1p1f1
204,Jan,2032,287.7639555078047,286.0905205114052,K,ssp370,IPSL-CM6A-LR,r8i1p1f1
205,Feb,2032,288.13142524328464,286.5216977260798,K,ssp370,IPSL-CM6A-LR,r8i1p1f1
206,Mar,2032,288.4797887614148,286.94073381122524,K,ssp370,IPSL-CM6A-LR,r8i1p1f1
207,Apr,2032,288.9930167971549,287.75568505599773,K,ssp370,IPSL-CM6A-LR,r8i1p1f1
208,May,2032,289.46122370172645,288.54945799262384,K,ssp370,IPSL-CM6A-LR,r8i1p1f1
209,Jun,2032,289.83164486200576,289.21854020103837,K,ssp370,IPSL-CM6A-LR,r8i1p1f1
210,Jul,2032,290.30025639540924,289.8140359341511,K,ssp370,IPSL-CM6A-LR,r8i1p1f1
211,Aug,2032,290.37635119627413,289.8640024601714,K,ssp370,IPSL-CM6A-LR,r8i1p1f1
212,Sep,2032,289.7852580888644,289.13977331957807,K,ssp370,IPSL-CM6A-LR,r8i1p1f1
213,Oct,2032,289.057346290599,288.15861398834187,K,ssp370,IPSL-CM6A-LR,r8i1p1f1
214,Nov,2032,288.0320346308269,286.82052413840023,K,ssp370,IPSL-CM6A-LR,r8i1p1f1
215,Dec,2032,287.4832099774084,286.0636624175417,K,ssp370,IPSL-CM6A-LR,r8i1p1f1
216,Jan,2033,287.1957873723115,285.5875741666778,K,ssp370,IPSL-CM6A-LR,r8i1p1f1
217,Feb,2033,287.5977983433427,285.90113226075846,K,ssp370,IPSL-CM6A-LR,r8i1p1f1
218,Mar,2033,288.2199873050472,286.60366747086385,K,ssp370,IPSL-CM6A-LR,r8i1p1f1
219,Apr,2033,288.7689779092299,287.53520902396406,K,ssp370,IPSL-CM6A-LR,r8i1p1f1
220,May,2033,289.2518051535586,288.2899396362553,K,ssp370,IPSL-CM6A-LR,r8i1p1f1
221,Jun,2033,289.8821473711709,289.22403571158577,K,ssp370,IPSL-CM6A-LR,r8i1p1f1
222,Jul,2033,290.3152745798632,289.7905231450347,K,ssp370,IPSL-CM6A-LR,r8i1p1f1
223,Aug,2033,290.30384766292667,289.80055409366753,K,ssp370,IPSL-CM6A-LR,r8i1p1f1
224,Sep,2033,290.0012281954285,289.309690053904,K,ssp370,IPSL-CM6A-LR,r8i1p1f1
225,Oct,2033,289.09902223645673,288.14904089420116,K,ssp370,IPSL-CM6A-LR,r8i1p1f1
226,Nov,2033,288.2490526471007,286.9610648661221,K,ssp370,IPSL-CM6A-LR,r8i1p1f1
227,Dec,2033,287.6994830212425,286.19310943081405,K,ssp370,IPSL-CM6A-LR,r8i1p1f1
228,Jan,2034,287.5166308264747,285.8645796439151,K,ssp370,IPSL-CM6A-LR,r8i1p1f1
229,Feb,2034,287.5091403797508,285.8070999963785,K,ssp370,IPSL-CM6A-LR,r8i1p1f1
230,Mar,2034,288.2082802049789,286.62377177402584,K,ssp370,IPSL-CM6A-LR,r8i1p1f1
231,Apr,2034,288.88876726563086,287.5288463938068,K,ssp370,IPSL-CM6A-LR,r8i1p1f1
232,May,2034,289.51569330509477,288.60912505789497,K,ssp370,IPSL-CM6A-LR,r8i1p1f1
233,Jun,2034,289.9506738081585,289.31586454030924,K,ssp370,IPSL-CM6A-LR,r8i1p1f1
234,Jul,2034,290.15814078516587,289.6406709819073,K,ssp370,IPSL-CM6A-LR,r8i1p1f1
235,Aug,2034,290.28641636550543,289.7574428845567,K,ssp370,IPSL-CM6A-LR,r8i1p1f1
236,Sep,2034,289.91417881183725,289.23181368424974,K,ssp370,IPSL-CM6A-LR,r8i1p1f1
237,Oct,2034,289.1921710178055,288.25211135081946,K,ssp370,IPSL-CM6A-LR,r8i1p1f1
238,Nov,2034,288.442022131507,287.2498749817507,K,ssp370,IPSL-CM6A-LR,r8i1p1f1
239,Dec,2034,287.5997533854902,286.1469311878164,K,ssp370,IPSL-CM6A-LR,r8i1p1f1
240,Jan,2035,287.5318171046416,285.9126256522359,K,ssp370,IPSL-CM6A-LR,r8i1p1f1
241,Feb,2035,287.77636647502754,286.10816232362436,K,ssp370,IPSL-CM6A-LR,r8i1p1f1
242,Mar,2035,288.5331781537484,286.9484580238594,K,ssp370,IPSL-CM6A-LR,r8i1p1f1
243,Apr,2035,289.1436118837335,287.871304755644,K,ssp370,IPSL-CM6A-LR,r8i1p1f1
244,May,2035,289.49930912231036,288.58159625469347,K,ssp370,IPSL-CM6A-LR,r8i1p1f1
245,Jun,2035,290.16060636358173,289.5428479579444,K,ssp370,IPSL-CM6A-LR,r8i1p1f1
246,Jul,2035,290.48885560870417,289.9925575206924,K,ssp370,IPSL-CM6A-LR,r8i1p1f1
247,Aug,2035,290.46268141193553,289.945960691121,K,ssp370,IPSL-CM6A-LR,r8i1p1f1
248,Sep,2035,290.0275336958846,289.38077726660003,K,ssp370,IPSL-CM6A-LR,r8i1p1f1
249,Oct,2035,289.3652194901991,288.4603566956081,K,ssp370,IPSL-CM6A-LR,r8i1p1f1
250,Nov,2035,288.55915280928565,287.40832764267213,K,ssp370,IPSL-CM6A-LR,r8i1p1f1
251,Dec,2035,287.73963796769505,286.28450885481516,K,ssp370,IPSL-CM6A-LR,r8i1p1f1
252,Jan,2036,287.4975879382985,285.8661858391076,K,ssp370,IPSL-CM6A-LR,r8i1p1f1
253,Feb,2036,287.9805144406731,286.2347332166689,K,ssp370,IPSL-CM6A-LR,r8i1p1f1
254,Mar,2036,288.59097409257294,286.94721542723084,K,ssp370,IPSL-CM6A-LR,r8i1p1f1
255,Apr,2036,289.17891140063745,287.8893967681243,K,ssp370,IPSL-CM6A-LR,r8i1p1f1
256,May,2036,289.56351327595104,288.62529552808456,K,ssp370,IPSL-CM6A-LR,r8i1p1f1
257,Jun,2036,290.16912736749686,289.52810333070244,K,ssp370,IPSL-CM6A-LR,r8i1p1f1
258,Jul,2036,290.52831416238325,290.0192812285649,K,ssp370,IPSL-CM6A-LR,r8i1p1f1
259,Aug,2036,290.5828323339529,290.0467055130556,K,ssp370,IPSL-CM6A-LR,r8i1p1f1
260,Sep,2036,289.9872369970106,289.3112315470525,K,ssp370,IPSL-CM6A-LR,r8i1p1f1
261,Oct,2036,289.12034253410764,288.23079166108386,K,ssp370,IPSL-CM6A-LR,r8i1p1f1
262,Nov,2036,288.48796157530154,287.28530453042,K,ssp370,IPSL-CM6A-LR,r8i1p1f1
263,Dec,2036,287.74828681852017,286.28039184395203,K,ssp370,IPSL-CM6A-LR,r8i1p1f1
264,Jan,2037,287.7157734558959,286.0790201657613,K,ssp370,IPSL-CM6A-LR,r8i1p1f1
265,Feb,2037,288.12618255323997,286.3737749383508,K,ssp370,IPSL-CM6A-LR,r8i1p1f1
266,Mar,2037,288.5499457001594,287.01112527856657,K,ssp370,IPSL-CM6A-LR,r8i1p1f1
267,Apr,2037,289.2210461581272,287.88690610469575,K,ssp370,IPSL-CM6A-LR,r8i1p1f1
268,May,2037,289.5701751505782,288.6036830380275,K,ssp370,IPSL-CM6A-LR,r8i1p1f1
269,Jun,2037,290.0374644361696,289.406550343967,K,ssp370,IPSL-CM6A-LR,r8i1p1f1
270,Jul,2037,290.3984509078178,289.8863229118209,K,ssp370,IPSL-CM6A-LR,r8i1p1f1
271,Aug,2037,290.45403699437844,289.93561943326483,K,ssp370,IPSL-CM6A-LR,r8i1p1f1
272,Sep,2037,290.04616281465474,289.39005701101127,K,ssp370,IPSL-CM6A-LR,r8i1p1f1
273,Oct,2037,289.3275035430667,288.43213648308904,K,ssp370,IPSL-CM6A-LR,r8i1p1f1
274,Nov,2037,288.51536000003534,287.28144688849756,K,ssp370,IPSL-CM6A-LR,r8i1p1f1
275,Dec,2037,287.85072334473864,286.42287619017145,K,ssp370,IPSL-CM6A-LR,r8i1p1f1
276,Jan,2038,287.5897677004415,285.89829645910675,K,ssp370,IPSL-CM6A-LR,r8i1p1f1
277,Feb,2038,288.2130326405038,286.3929734316245,K,ssp370,IPSL-CM6A-LR,r8i1p1f1
278,Mar,2038,288.59691969217766,286.9613895171214,K,ssp370,IPSL-CM6A-LR,r8i1p1f1
279,Apr,2038,289.2695469786049,287.98998003495035,K,ssp370,IPSL-CM6A-LR,r8i1p1f1
280,May,2038,289.70884162299274,288.7680959015931,K,ssp370,IPSL-CM6A-LR,r8i1p1f1
281,Jun,2038,290.155671127814,289.5383529174008,K,ssp370,IPSL-CM6A-LR,r8i1p1f1
282,Jul,2038,290.5000830549658,290.0018456105887,K,ssp370,IPSL-CM6A-LR,r8i1p1f1
283,Aug,2038,290.59435414153126,290.0861039826141,K,ssp370,IPSL-CM6A-LR,r8i1p1f1
284,Sep,2038,290.25776902779734,289.5912051120629,K,ssp370,IPSL-CM6A-LR,r8i1p1f1
285,Oct,2038,289.19279102488406,288.27960903382683,K,ssp370,IPSL-CM6A-LR,r8i1p1f1
286,Nov,2038,288.5358894509524,287.34789562478767,K,ssp370,IPSL-CM6A-LR,r8i1p1f1
287,Dec,2038,287.7333151517635,286.32550973904034,K,ssp370,IPSL-CM6A-LR,r8i1p1f1
288,Jan,2039,287.9605939544329,286.2401088480484,K,ssp370,IPSL-CM6A-LR,r8i1p1f1
289,Feb,2039,288.1602123278992,286.46884620345975,K,ssp370,IPSL-CM6A-LR,r8i1p1f1
290,Mar,2039,288.6125138274453,287.08687199449906,K,ssp370,IPSL-CM6A-LR,r8i1p1f1
291,Apr,2039,289.19372734955925,287.9123771013786,K,ssp370,IPSL-CM6A-LR,r8i1p1f1
292,May,2039,289.791802838645,288.89662945183375,K,ssp370,IPSL-CM6A-LR,r8i1p1f1
293,Jun,2039,290.2713822068534,289.6580788269754,K,ssp370,IPSL-CM6A-LR,r8i1p1f1
294,Jul,2039,290.6840211510068,290.1751297888855,K,ssp370,IPSL-CM6A-LR,r8i1p1f1
295,Aug,2039,290.77006521507207,290.2579082650542,K,ssp370,IPSL-CM6A-LR,r8i1p1f1
296,Sep,2039,290.1405522744512,289.4922562357836,K,ssp370,IPSL-CM6A-LR,r8i1p1f1
297,Oct,2039,289.3163547254492,288.46358623046945,K,ssp370,IPSL-CM6A-LR,r8i1p1f1
298,Nov,2039,288.58919304228135,287.4836408106362,K,ssp370,IPSL-CM6A-LR,r8i1p1f1
299,Dec,2039,288.1239471872507,286.6864824439942,K,ssp370,IPSL-CM6A-LR,r8i1p1f1
300,Jan,2040,288.1810630936266,286.51595325288685,K,ssp370,IPSL-CM6A-LR,r8i1p1f1
301,Feb,2040,288.37932838500905,286.7389043884055,K,ssp370,IPSL-CM6A-LR,r8i1p1f1
302,Mar,2040,288.7168755562526,287.1500253538606,K,ssp370,IPSL-CM6A-LR,r8i1p1f1
303,Apr,2040,289.22977915308996,288.0154923540212,K,ssp370,IPSL-CM6A-LR,r8i1p1f1
304,May,2040,289.8585504946668,288.9304469168466,K,ssp370,IPSL-CM6A-LR,r8i1p1f1
305,Jun,2040,290.35016705466353,289.69392083669044,K,ssp370,IPSL-CM6A-LR,r8i1p1f1
306,Jul,2040,290.9071174873358,290.419433709577,K,ssp370,IPSL-CM6A-LR,r8i1p1f1
307,Aug,2040,290.97197435225064,290.43626800589374,K,ssp370,IPSL-CM6A-LR,r8i1p1f1
308,Sep,2040,290.44004589402994,289.75792471275804,K,ssp370,IPSL-CM6A-LR,r8i1p1f1
309,Oct,2040,289.4319050459118,288.5424942835691,K,ssp370,IPSL-CM6A-LR,r8i1p1f1
310,Nov,2040,288.7506638475741,287.54935307076596,K,ssp370,IPSL-CM6A-LR,r8i1p1f1
311,Dec,2040,287.9209082197612,286.45342591234646,K,ssp370,IPSL-CM6A-LR,r8i1p1f1
312,Jan,2041,288.109252496877,286.3952053176129,K,ssp370,IPSL-CM6A-LR,r8i1p1f1
313,Feb,2041,288.3094213814554,286.6603920251656,K,ssp370,IPSL-CM6A-LR,r8i1p1f1
314,Mar,2041,288.85013194687644,287.2392567786429,K,ssp370,IPSL-CM6A-LR,r8i1p1f1
315,Apr,2041,289.3183490708609,288.1172025441706,K,ssp370,IPSL-CM6A-LR,r8i1p1f1
316,May,2041,289.8454655022884,288.9339670954686,K,ssp370,IPSL-CM6A-LR,r8i1p1f1
317,Jun,2041,290.5212193354662,289.86386512734475,K,ssp370,IPSL-CM6A-LR,r8i1p1f1
318,Jul,2041,290.9216766354894,290.39583620735897,K,ssp370,IPSL-CM6A-LR,r8i1p1f1
319,Aug,2041,290.8172269604208,290.3155188000142,K,ssp370,IPSL-CM6A-LR,r8i1p1f1
320,Sep,2041,290.17638389837384,289.5568929031258,K,ssp370,IPSL-CM6A-LR,r8i1p1f1
321,Oct,2041,289.3598261676618,288.4854305667705,K,ssp370,IPSL-CM6A-LR,r8i1p1f1
322,Nov,2041,288.64166129241323,287.46592590357784,K,ssp370,IPSL-CM6A-LR,r8i1p1f1
323,Dec,2041,287.8213315282282,286.40037219653436,K,ssp370,IPSL-CM6A-LR,r8i1p1f1
324,Jan,2042,287.7365370656887,286.1377860942373,K,ssp370,IPSL-CM6A-LR,r8i1p1f1
325,Feb,2042,288.0842765029221,286.4610839231816,K,ssp370,IPSL-CM6A-LR,r8i1p1f1
326,Mar,2042,288.6014872138539,287.0917466584361,K,ssp370,IPSL-CM6A-LR,r8i1p1f1
327,Apr,2042,289.1665949350074,287.9285833675433,K,ssp370,IPSL-CM6A-LR,r8i1p1f1
328,May,2042,289.77654649203146,288.8519929612911,K,ssp370,IPSL-CM6A-LR,r8i1p1f1
329,Jun,2042,290.3915018721252,289.7801552746525,K,ssp370,IPSL-CM6A-LR,r8i1p1f1
330,Jul,2042,290.84865020615007,290.36238717192214,K,ssp370,IPSL-CM6A-LR,r8i1p1f1
331,Aug,2042,290.79883094739705,290.29662841054903,K,ssp370,IPSL-CM6A-LR,r8i1p1f1
332,Sep,2042,290.2465127753435,289.6175053139458,K,ssp370,IPSL-CM6A-LR,r8i1p1f1
333,Oct,2042,289.40639316843146,288.53198069662864,K,ssp370,IPSL-CM6A-LR,r8i1p1f1
334,Nov,2042,288.55489226246516,287.41766197644364,K,ssp370,IPSL-CM6A-LR,r8i1p1f1
335,Dec,2042,288.05967444597707,286.6851694916836,K,ssp370,IPSL-CM6A-LR,r8i1p1f1
336,Jan,2043,287.6107002950026,285.96812099077766,K,ssp370,IPSL-CM6A-LR,r8i1p1f1
337,Feb,2043,288.04220856749396,286.40347312570896,K,ssp370,IPSL-CM6A-LR,r8i1p1f1
338,Mar,2043,288.704614610812,287.142798161783,K,ssp370,IPSL-CM6A-LR,r8i1p1f1
339,Apr,2043,289.3317657662949,288.0689116132053,K,ssp370,IPSL-CM6A-LR,r8i1p1f1
340,May,2043,289.7318308224867,288.8261905631655,K,ssp370,IPSL-CM6A-LR,r8i1p1f1
341,Jun,2043,290.1877955167878,289.59929798154315,K,ssp370,IPSL-CM6A-LR,r8i1p1f1
342,Jul,2043,290.60630278814483,290.11471794589045,K,ssp370,IPSL-CM6A-LR,r8i1p1f1
343,Aug,2043,290.5125277339778,290.05268375753775,K,ssp370,IPSL-CM6A-LR,r8i1p1f1
344,Sep,2043,290.042624228417,289.44748898498824,K,ssp370,IPSL-CM6A-LR,r8i1p1f1
345,Oct,2043,289.38109114864056,288.53725970661736,K,ssp370,IPSL-CM6A-LR,r8i1p1f1
346,Nov,2043,288.5044331823203,287.429015905445,K,ssp370,IPSL-CM6A-LR,r8i1p1f1
347,Dec,2043,288.03571578005295,286.69199345301604,K,ssp370,IPSL-CM6A-LR,r8i1p1f1
348,Jan,2044,287.6834919662052,286.1445389596589,K,ssp370,IPSL-CM6A-LR,r8i1p1f1
349,Feb,2044,287.8938879114243,286.18576291311854,K,ssp370,IPSL-CM6A-LR,r8i1p1f1
350,Mar,2044,288.45837572203607,286.95257805112624,K,ssp370,IPSL-CM6A-LR,r8i1p1f1
351,Apr,2044,289.2069760465733,287.9250427279417,K,ssp370,IPSL-CM6A-LR,r8i1p1f1
352,May,2044,289.78446252362994,288.865367894028,K,ssp370,IPSL-CM6A-LR,r8i1p1f1
353,Jun,2044,290.27386798196915,289.63983984945276,K,ssp370,IPSL-CM6A-LR,r8i1p1f1
354,Jul,2044,290.74380406849934,290.2302105852812,K,ssp370,IPSL-CM6A-LR,r8i1p1f1
355,Aug,2044,290.8155607905027,290.32757841410137,K,ssp370,IPSL-CM6A-LR,r8i1p1f1
356,Sep,2044,290.3386908006727,289.70611913681626,K,ssp370,IPSL-CM6A-LR,r8i1p1f1
357,Oct,2044,289.60181675253887,288.7858179687985,K,ssp370,IPSL-CM6A-LR,r8i1p1f1
358,Nov,2044,288.7304464580366,287.6678025601473,K,ssp370,IPSL-CM6A-LR,r8i1p1f1
359,Dec,2044,288.15682672339136,286.9066872805879,K,ssp370,IPSL-CM6A-LR,r8i1p1f1
360,Jan,2045,288.0554669573341,286.6038879567442,K,ssp370,IPSL-CM6A-LR,r8i1p1f1
361,Feb,2045,288.32022785454507,286.8066111881945,K,ssp370,IPSL-CM6A-LR,r8i1p1f1
362,Mar,2045,288.9713411328642,287.45607360006835,K,ssp370,IPSL-CM6A-LR,r8i1p1f1
363,Apr,2045,289.54137455445596,288.3080803610229,K,ssp370,IPSL-CM6A-LR,r8i1p1f1
364,May,2045,290.07356037694797,289.1905291953073,K,ssp370,IPSL-CM6A-LR,r8i1p1f1
365,Jun,2045,290.6673074937468,290.0501104918575,K,ssp370,IPSL-CM6A-LR,r8i1p1f1
366,Jul,2045,291.05597447091094,290.58993327677837,K,ssp370,IPSL-CM6A-LR,r8i1p1f1
367,Aug,2045,291.06869270308744,290.6252540467335,K,ssp370,IPSL-CM6A-LR,r8i1p1f1
368,Sep,2045,290.5588224904586,289.9986157678531,K,ssp370,IPSL-CM6A-LR,r8i1p1f1
369,Oct,2045,289.7664242423236,288.9756241630343,K,ssp370,IPSL-CM6A-LR,r8i1p1f1
370,Nov,2045,288.83271268197524,287.85611063185945,K,ssp370,IPSL-CM6A-LR,r8i1p1f1
371,Dec,2045,288.37265420412115,287.1268378914494,K,ssp370,IPSL-CM6A-LR,r8i1p1f1
372,Jan,2046,288.32216746800475,286.8258722460791,K,ssp370,IPSL-CM6A-LR,r8i1p1f1
373,Feb,2046,288.55453565098225,286.94844020464774,K,ssp370,IPSL-CM6A-LR,r8i1p1f1
374,Mar,2046,289.1689720719326,287.689525270075,K,ssp370,IPSL-CM6A-LR,r8i1p1f1
375,Apr,2046,289.7073144389722,288.4572777013269,K,ssp370,IPSL-CM6A-LR,r8i1p1f1
376,May,2046,290.3136321249468,289.36506323856673,K,ssp370,IPSL-CM6A-LR,r8i1p1f1
377,Jun,2046,290.8203435081002,290.1992878190259,K,ssp370,IPSL-CM6A-LR,r8i1p1f1
378,Jul,2046,291.13497672345403,290.6623795756253,K,ssp370,IPSL-CM6A-LR,r8i1p1f1
379,Aug,2046,291.1453798172004,290.66593215818705,K,ssp370,IPSL-CM6A-LR,r8i1p1f1
380,Sep,2046,290.6327730828182,290.02009591625557,K,ssp370,IPSL-CM6A-LR,r8i1p1f1
381,Oct,2046,289.7332735362977,288.9132716452058,K,ssp370,IPSL-CM6A-LR,r8i1p1f1
382,Nov,2046,288.9022448967101,287.841895448983,K,ssp370,IPSL-CM6A-LR,r8i1p1f1
383,Dec,2046,288.2674696878532,286.93532980282066,K,ssp370,IPSL-CM6A-LR,r8i1p1f1
384,Jan,2047,288.02221096791624,286.49708818391406,K,ssp370,IPSL-CM6A-LR,r8i1p1f1
385,Feb,2047,288.3312969211591,286.72068500212066,K,ssp370,IPSL-CM6A-LR,r8i1p1f1
386,Mar,2047,288.7167904100215,287.19708650917335,K,ssp370,IPSL-CM6A-LR,r8i1p1f1
387,Apr,2047,289.292051631489,287.98763012366635,K,ssp370,IPSL-CM6A-LR,r8i1p1f1
388,May,2047,289.792951683799,288.911903517499,K,ssp370,IPSL-CM6A-LR,r8i1p1f1
389,Jun,2047,290.5014201165291,289.88476592431084,K,ssp370,IPSL-CM6A-LR,r8i1p1f1
390,Jul,2047,290.87548343834436,290.4434405500486,K,ssp370,IPSL-CM6A-LR,r8i1p1f1
391,Aug,2047,290.82544228035357,290.3831024537585,K,ssp370,IPSL-CM6A-LR,r8i1p1f1
392,Sep,2047,290.2257962435345,289.63216612750574,K,ssp370,IPSL-CM6A-LR,r8i1p1f1
393,Oct,2047,289.37871546205895,288.5840602653037,K,ssp370,IPSL-CM6A-LR,r8i1p1f1
394,Nov,2047,288.6292067488425,287.60213981193436,K,ssp370,IPSL-CM6A-LR,r8i1p1f1
395,Dec,2047,287.9990412444903,286.70144423082286,K,ssp370,IPSL-CM6A-LR,r8i1p1f1
396,Jan,2048,287.9645468237182,286.4217143759725,K,ssp370,IPSL-CM6A-LR,r8i1p1f1
397,Feb,2048,288.11068355894605,286.59819407640856,K,ssp370,IPSL-CM6A-LR,r8i1p1f1
398,Mar,2048,288.90270830661035,287.31597321109876,K,ssp370,IPSL-CM6A-LR,r8i1p1f1
399,Apr,2048,289.43450777998754,288.16757356873876,K,ssp370,IPSL-CM6A-LR,r8i1p1f1
400,May,2048,290.05196863913096,289.1138040313025,K,ssp370,IPSL-CM6A-LR,r8i1p1f1
401,Jun,2048,290.43128102025673,289.7974015162123,K,ssp370,IPSL-CM6A-LR,r8i1p1f1
402,Jul,2048,290.95830497934753,290.4486295410418,K,ssp370,IPSL-CM6A-LR,r8i1p1f1
403,Aug,2048,291.0840456059869,290.5815988100578,K,ssp370,IPSL-CM6A-LR,r8i1p1f1
404,Sep,2048,290.5760136185471,289.9491010232318,K,ssp370,IPSL-CM6A-LR,r8i1p1f1
405,Oct,2048,289.8304454408481,288.99224462175215,K,ssp370,IPSL-CM6A-LR,r8i1p1f1
406,Nov,2048,288.9601379300874,287.86677671950423,K,ssp370,IPSL-CM6A-LR,r8i1p1f1
407,Dec,2048,288.4729042863542,287.03919723134703,K,ssp370,IPSL-CM6A-LR,r8i1p1f1
408,Jan,2049,288.32227517080025,286.8322649891692,K,ssp370,IPSL-CM6A-LR,r8i1p1f1
409,Feb,2049,288.5994450996127,286.9889281926182,K,ssp370,IPSL-CM6A-LR,r8i1p1f1
410,Mar,2049,289.0191501287272,287.5224340364657,K,ssp370,IPSL-CM6A-LR,r8i1p1f1
411,Apr,2049,289.51959727590736,288.29132286486197,K,ssp370,IPSL-CM6A-LR,r8i1p1f1
412,May,2049,290.27217606861325,289.355715573436,K,ssp370,IPSL-CM6A-LR,r8i1p1f1
413,Jun,2049,290.7579378988262,290.12615610161583,K,ssp370,IPSL-CM6A-LR,r8i1p1f1
414,Jul,2049,291.0601268251216,290.58786109589465,K,ssp370,IPSL-CM6A-LR,r8i1p1f1
415,Aug,2049,291.0864148859806,290.59303950545427,K,ssp370,IPSL-CM6A-LR,r8i1p1f1
416,Sep,2049,290.65164238358176,290.0239115341567,K,ssp370,IPSL-CM6A-LR,r8i1p1f1
417,Oct,2049,289.86000493191136,289.00027633353943,K,ssp370,IPSL-CM6A-LR,r8i1p1f1
418,Nov,2049,289.0233747676043,287.88912405904887,K,ssp370,IPSL-CM6A-LR,r8i1p1f1
419,Dec,2049,288.4668349735521,287.11869648149,K,ssp370,IPSL-CM6A-LR,r8i1p1f1
420,Jan,2050,288.46174342152847,286.8412390206348,K,ssp370,IPSL-CM6A-LR,r8i1p1f1
421,Feb,2050,288.627369316346,286.9795988861014,K,ssp370,IPSL-CM6A-LR,r8i1p1f1
422,Mar,2050,289.20493373455867,287.63798402192253,K,ssp370,IPSL-CM6A-LR,r8i1p1f1
423,Apr,2050,289.79469425154025,288.6270858631982,K,ssp370,IPSL-CM6A-LR,r8i1p1f1
424,May,2050,290.28919910104923,289.39644002823087,K,ssp370,IPSL-CM6A-LR,r8i1p1f1
425,Jun,2050,290.8643331830046,290.22231485734784,K,ssp370,IPSL-CM6A-LR,r8i1p1f1
426,Jul,2050,291.2444457662356,290.72692531512865,K,ssp370,IPSL-CM6A-LR,r8i1p1f1
427,Aug,2050,291.09849881089906,290.6279528968059,K,ssp370,IPSL-CM6A-LR,r8i1p1f1
428,Sep,2050,290.6587958491934,290.03729557313034,K,ssp370,IPSL-CM6A-LR,r8i1p1f1
429,Oct,2050,289.74582875343924,288.90447581176704,K,ssp370,IPSL-CM6A-LR,r8i1p1f1
430,Nov,2050,289.0697552751837,288.03102406202675,K,ssp370,IPSL-CM6A-LR,r8i1p1f1
431,Dec,2050,288.4758224757708,287.11443370888605,K,ssp370,IPSL-CM6A-LR,r8i1p1f1
432,Jan,2051,288.3858882738292,286.79730630807546,K,ssp370,IPSL-CM6A-LR,r8i1p1f1
433,Feb,2051,288.48747438363404,286.8111648063866,K,ssp370,IPSL-CM6A-LR,r8i1p1f1
434,Mar,2051,289.00012314024156,287.47383116755265,K,ssp370,IPSL-CM6A-LR,r8i1p1f1
435,Apr,2051,289.52675120934225,288.28013185120744,K,ssp370,IPSL-CM6A-LR,r8i1p1f1
436,May,2051,290.14059213428055,289.2037335432502,K,ssp370,IPSL-CM6A-LR,r8i1p1f1
437,Jun,2051,290.5621276787629,289.93411482745665,K,ssp370,IPSL-CM6A-LR,r8i1p1f1
438,Jul,2051,291.0519827705469,290.56524648367065,K,ssp370,IPSL-CM6A-LR,r8i1p1f1
439,Aug,2051,291.0130806829379,290.5259994942728,K,ssp370,IPSL-CM6A-LR,r8i1p1f1
440,Sep,2051,290.5534172512064,289.93922819885057,K,ssp370,IPSL-CM6A-LR,r8i1p1f1
441,Oct,2051,289.5692092873457,288.78782276707676,K,ssp370,IPSL-CM6A-LR,r8i1p1f1
442,Nov,2051,288.58991425229635,287.49558328256484,K,ssp370,IPSL-CM6A-LR,r8i1p1f1
443,Dec,2051,288.0581546039827,286.7031151973544,K,ssp370,IPSL-CM6A-LR,r8i1p1f1
444,Jan,2052,288.0086881425279,286.43997452987986,K,ssp370,IPSL-CM6A-LR,r8i1p1f1
445,Feb,2052,288.18100247804335,286.535448280963,K,ssp370,IPSL-CM6A-LR,r8i1p1f1
446,Mar,2052,288.8827833961239,287.4561792706847,K,ssp370,IPSL-CM6A-LR,r8i1p1f1
447,Apr,2052,289.4223481571957,288.2533680547798,K,ssp370,IPSL-CM6A-LR,r8i1p1f1
448,May,2052,290.0849933133121,289.1983426242503,K,ssp370,IPSL-CM6A-LR,r8i1p1f1
449,Jun,2052,290.5024686909048,289.9176185102347,K,ssp370,IPSL-CM6A-LR,r8i1p1f1
450,Jul,2052,290.99192279734336,290.5247103053887,K,ssp370,IPSL-CM6A-LR,r8i1p1f1
451,Aug,2052,291.0938612661331,290.64416941037257,K,ssp370,IPSL-CM6A-LR,r8i1p1f1
452,Sep,2052,290.66464833087815,290.06554358370903,K,ssp370,IPSL-CM6A-LR,r8i1p1f1
453,Oct,2052,289.8541414095921,289.04092821546186,K,ssp370,IPSL-CM6A-LR,r8i1p1f1
454,Nov,2052,288.94705716977745,287.8693662514807,K,ssp370,IPSL-CM6A-LR,r8i1p1f1
455,Dec,2052,288.34845443485995,286.99427862956725,K,ssp370,IPSL-CM6A-LR,r8i1p1f1
456,Jan,2053,288.1939504020633,286.60337109486176,K,ssp370,IPSL-CM6A-LR,r8i1p1f1
457,Feb,2053,288.6199862598279,287.003289860543,K,ssp370,IPSL-CM6A-LR,r8i1p1f1
458,Mar,2053,288.83054345478587,287.37836586004073,K,ssp370,IPSL-CM6A-LR,r8i1p1f1
459,Apr,2053,289.5260394038458,288.30886491590394,K,ssp370,IPSL-CM6A-LR,r8i1p1f1
460,May,2053,290.0231450303112,289.148429792253,K,ssp370,IPSL-CM6A-LR,r8i1p1f1
461,Jun,2053,290.6001989391764,289.99644021338463,K,ssp370,IPSL-CM6A-LR,r8i1p1f1
462,Jul,2053,291.039323235247,290.58387583184515,K,ssp370,IPSL-CM6A-LR,r8i1p1f1
463,Aug,2053,291.0630645431043,290.6222872306484,K,ssp370,IPSL-CM6A-LR,r8i1p1f1
464,Sep,2053,290.5255109603314,289.95879985730227,K,ssp370,IPSL-CM6A-LR,r8i1p1f1
465,Oct,2053,289.73996600984566,288.9451847943134,K,ssp370,IPSL-CM6A-LR,r8i1p1f1
466,Nov,2053,288.8106930075001,287.8127507886042,K,ssp370,IPSL-CM6A-LR,r8i1p1f1
467,Dec,2053,288.369580263488,287.07810651720024,K,ssp370,IPSL-CM6A-LR,r8i1p1f1
468,Jan,2054,288.18269017144587,286.6914879508831,K,ssp370,IPSL-CM6A-LR,r8i1p1f1
469,Feb,2054,288.24455884028936,286.73925299365845,K,ssp370,IPSL-CM6A-LR,r8i1p1f1
470,Mar,2054,288.63307851257053,287.24751307454756,K,ssp370,IPSL-CM6A-LR,r8i1p1f1
471,Apr,2054,289.3773128222444,288.20141001144134,K,ssp370,IPSL-CM6A-LR,r8i1p1f1
472,May,2054,289.96868916740755,289.0851930591679,K,ssp370,IPSL-CM6A-LR,r8i1p1f1
473,Jun,2054,290.5831182058199,289.9875758185355,K,ssp370,IPSL-CM6A-LR,r8i1p1f1
474,Jul,2054,290.92284053904245,290.4737120404487,K,ssp370,IPSL-CM6A-LR,r8i1p1f1
475,Aug,2054,291.11325716073173,290.6705347413687,K,ssp370,IPSL-CM6A-LR,r8i1p1f1
476,Sep,2054,290.6255223342158,290.0348837193075,K,ssp370,IPSL-CM6A-LR,r8i1p1f1
477,Oct,2054,289.75217961639834,288.9417283877102,K,ssp370,IPSL-CM6A-LR,r8i1p1f1
478,Nov,2054,288.91610736674073,287.92970237547655,K,ssp370,IPSL-CM6A-LR,r8i1p1f1
479,Dec,2054,288.4472566797821,287.2843198855696,K,ssp370,IPSL-CM6A-LR,r8i1p1f1
480,Jan,2055,288.29558815823907,286.760639587299,K,ssp370,IPSL-CM6A-LR,r8i1p1f1
481,Feb,2055,288.5933450410113,286.9459401683289,K,ssp370,IPSL-CM6A-LR,r8i1p1f1
482,Mar,2055,289.01225915049145,287.56426413979364,K,ssp370,IPSL-CM6A-LR,r8i1p1f1
483,Apr,2055,289.55264196498445,288.35157230502034,K,ssp370,IPSL-CM6A-LR,r8i1p1f1
484,May,2055,289.9349476767013,289.0578018593719,K,ssp370,IPSL-CM6A-LR,r8i1p1f1
485,Jun,2055,290.7004934289703,290.10204609024714,K,ssp370,IPSL-CM6A-LR,r8i1p1f1
486,Jul,2055,291.21920019316445,290.7941095081997,K,ssp370,IPSL-CM6A-LR,r8i1p1f1
487,Aug,2055,291.2284272597835,290.80237479153357,K,ssp370,IPSL-CM6A-LR,r8i1p1f1
488,Sep,2055,290.6424161111078,290.0618077486591,K,ssp370,IPSL-CM6A-LR,r8i1p1f1
489,Oct,2055,289.83483741090765,289.0099143527528,K,ssp370,IPSL-CM6A-LR,r8i1p1f1
490,Nov,2055,288.90182333022074,287.90380512447325,K,ssp370,IPSL-CM6A-LR,r8i1p1f1
491,Dec,2055,288.15903282351155,286.9359695140091,K,ssp370,IPSL-CM6A-LR,r8i1p1f1
492,Jan,2056,287.9333773247186,286.41645927154894,K,ssp370,IPSL-CM6A-LR,r8i1p1f1
493,Feb,2056,288.3607122339102,286.66399704927454,K,ssp370,IPSL-CM6A-LR,r8i1p1f1
494,Mar,2056,288.85167340568404,287.3880980142754,K,ssp370,IPSL-CM6A-LR,r8i1p1f1
495,Apr,2056,289.5188130945913,288.32832118365116,K,ssp370,IPSL-CM6A-LR,r8i1p1f1
496,May,2056,290.14817073832074,289.29659016428394,K,ssp370,IPSL-CM6A-LR,r8i1p1f1
497,Jun,2056,290.673860429487,290.0856973229187,K,ssp370,IPSL-CM6A-LR,r8i1p1f1
498,Jul,2056,290.98938853887245,290.51772858249313,K,ssp370,IPSL-CM6A-LR,r8i1p1f1
499,Aug,2056,291.0184199205374,290.5958887313234,K,ssp370,IPSL-CM6A-LR,r8i1p1f1
500,Sep,2056,290.57025384987196,290.0058444373125,K,ssp370,IPSL-CM6A-LR,r8i1p1f1
501,Oct,2056,289.6493837321834,288.8520750786152,K,ssp370,IPSL-CM6A-LR,r8i1p1f1
502,Nov,2056,289.05950408505583,288.068544102842,K,ssp370,IPSL-CM6A-LR,r8i1p1f1
503,Dec,2056,288.4363561759023,287.2128416647203,K,ssp370,IPSL-CM6A-LR,r8i1p1f1
504,Jan,2057,288.2047851318666,286.6764311785201,K,ssp370,IPSL-CM6A-LR,r8i1p1f1
505,Feb,2057,288.69825759445104,287.0642183373061,K,ssp370,IPSL-CM6A-LR,r8i1p1f1
506,Mar,2057,289.128397703719,287.7291409871746,K,ssp370,IPSL-CM6A-LR,r8i1p1f1
507,Apr,2057,289.91364373382333,288.747933731485,K,ssp370,IPSL-CM6A-LR,r8i1p1f1
508,May,2057,290.52772044709354,289.6555282362945,K,ssp370,IPSL-CM6A-LR,r8i1p1f1
509,Jun,2057,291.06725541716537,290.4344196651977,K,ssp370,IPSL-CM6A-LR,r8i1p1f1
510,Jul,2057,291.3608363603658,290.90779112431557,K,ssp370,IPSL-CM6A-LR,r8i1p1f1
511,Aug,2057,291.3399117418369,290.9396518553869,K,ssp370,IPSL-CM6A-LR,r8i1p1f1
512,Sep,2057,290.84602670308044,290.3010292211885,K,ssp370,IPSL-CM6A-LR,r8i1p1f1
513,Oct,2057,290.07759272464693,289.3083288370876,K,ssp370,IPSL-CM6A-LR,r8i1p1f1
514,Nov,2057,289.3297611118795,288.38868046560253,K,ssp370,IPSL-CM6A-LR,r8i1p1f1
515,Dec,2057,288.37628450962393,287.2482146098004,K,ssp370,IPSL-CM6A-LR,r8i1p1f1
516,Jan,2058,288.2976631363703,287.02140787302824,K,ssp370,IPSL-CM6A-LR,r8i1p1f1
517,Feb,2058,288.8433372174732,287.39658919202174,K,ssp370,IPSL-CM6A-LR,r8i1p1f1
518,Mar,2058,289.25010310698565,287.8080648466767,K,ssp370,IPSL-CM6A-LR,r8i1p1f1
519,Apr,2058,289.84119265913534,288.65362907828796,K,ssp370,IPSL-CM6A-LR,r8i1p1f1
520,May,2058,290.52612381365117,289.67420988893133,K,ssp370,IPSL-CM6A-LR,r8i1p1f1
521,Jun,2058,290.9536051221281,290.35321935948235,K,ssp370,IPSL-CM6A-LR,r8i1p1f1
522,Jul,2058,291.334780622739,290.91731725687424,K,ssp370,IPSL-CM6A-LR,r8i1p1f1
523,Aug,2058,291.35194255893924,290.97768936208126,K,ssp370,IPSL-CM6A-LR,r8i1p1f1
524,Sep,2058,290.80599982182997,290.30674640869915,K,ssp370,IPSL-CM6A-LR,r8i1p1f1
525,Oct,2058,289.9713745944312,289.2133153773036,K,ssp370,IPSL-CM6A-LR,r8i1p1f1
526,Nov,2058,289.1075869434463,288.1299912531143,K,ssp370,IPSL-CM6A-LR,r8i1p1f1
527,Dec,2058,288.5792159682754,287.40722551468883,K,ssp370,IPSL-CM6A-LR,r8i1p1f1
528,Jan,2059,288.3326188106931,286.97799896113054,K,ssp370,IPSL-CM6A-LR,r8i1p1f1
529,Feb,2059,288.68005697738624,287.14527829912066,K,ssp370,IPSL-CM6A-LR,r8i1p1f1
530,Mar,2059,289.0747338973319,287.6897936945184,K,ssp370,IPSL-CM6A-LR,r8i1p1f1
531,Apr,2059,289.6571231413863,288.504838235168,K,ssp370,IPSL-CM6A-LR,r8i1p1f1
532,May,2059,290.1891256036667,289.33413068835137,K,ssp370,IPSL-CM6A-LR,r8i1p1f1
533,Jun,2059,290.808052928754,290.2066601491406,K,ssp370,IPSL-CM6A-LR,r8i1p1f1
534,Jul,2059,291.23532885789547,290.81101635384476,K,ssp370,IPSL-CM6A-LR,r8i1p1f1
535,Aug,2059,291.2667902358408,290.87503529733806,K,ssp370,IPSL-CM6A-LR,r8i1p1f1
536,Sep,2059,290.6853610734983,290.15473633249263,K,ssp370,IPSL-CM6A-LR,r8i1p1f1
537,Oct,2059,289.8377088638299,289.1110733215998,K,ssp370,IPSL-CM6A-LR,r8i1p1f1
538,Nov,2059,289.2115981923274,288.24757924641807,K,ssp370,IPSL-CM6A-LR,r8i1p1f1
539,Dec,2059,288.51559650345723,287.3587444172995,K,ssp370,IPSL-CM6A-LR,r8i1p1f1
540,Jan,2060,288.1255534454292,286.75276489561105,K,ssp370,IPSL-CM6A-LR,r8i1p1f1
541,Feb,2060,288.5997648817937,287.05547868905427,K,ssp370,IPSL-CM6A-LR,r8i1p1f1
542,Mar,2060,289.08400719181475,287.6190349465894,K,ssp370,IPSL-CM6A-LR,r8i1p1f1
543,Apr,2060,289.6140871120626,288.438127123906,K,ssp370,IPSL-CM6A-LR,r8i1p1f1
544,May,2060,290.0767846383276,289.1780013482274,K,ssp370,IPSL-CM6A-LR,r8i1p1f1
545,Jun,2060,290.7609264390246,290.1421379049122,K,ssp370,IPSL-CM6A-LR,r8i1p1f1
546,Jul,2060,290.92314524841873,290.49239482573194,K,ssp370,IPSL-CM6A-LR,r8i1p1f1
547,Aug,2060,291.08159439659204,290.68532758819174,K,ssp370,IPSL-CM6A-LR,r8i1p1f1
548,Sep,2060,290.803804111455,290.23001814379444,K,ssp370,IPSL-CM6A-LR,r8i1p1f1
549,Oct,2060,290.01217137055016,289.237403842443,K,ssp370,IPSL-CM6A-LR,r8i1p1f1
550,Nov,2060,289.01218761116655,288.0241619339393,K,ssp370,IPSL-CM6A-LR,r8i1p1f1
551,Dec,2060,288.43386801192884,287.2591150474289,K,ssp370,IPSL-CM6A-LR,r8i1p1f1
552,Jan,2061,288.27280688230377,286.81742166182886,K,ssp370,IPSL-CM6A-LR,r8i1p1f1
553,Feb,2061,288.65138947702405,287.01127548447846,K,ssp370,IPSL-CM6A-LR,r8i1p1f1
554,Mar,2061,289.16735612800636,287.6880216426524,K,ssp370,IPSL-CM6A-LR,r8i1p1f1
555,Apr,2061,289.83490516900815,288.62831637398256,K,ssp370,IPSL-CM6A-LR,r8i1p1f1
556,May,2061,290.4136792145276,289.524022058696,K,ssp370,IPSL-CM6A-LR,r8i1p1f1
557,Jun,2061,291.0689060658179,290.46152402036466,K,ssp370,IPSL-CM6A-LR,r8i1p1f1
558,Jul,2061,291.38201089447824,290.9247321917128,K,ssp370,IPSL-CM6A-LR,r8i1p1f1
559,Aug,2061,291.50255897528695,291.0738143839973,K,ssp370,IPSL-CM6A-LR,r8i1p1f1
560,Sep,2061,291.10840617018425,290.55673003914575,K,ssp370,IPSL-CM6A-LR,r8i1p1f1
561,Oct,2061,290.2433502845427,289.4857960163686,K,ssp370,IPSL-CM6A-LR,r8i1p1f1
562,Nov,2061,289.4877690468352,288.46018740504275,K,ssp370,IPSL-CM6A-LR,r8i1p1f1
563,Dec,2061,288.568694934539,287.385265465919,K,ssp370,IPSL-CM6A-LR,r8i1p1f1
564,Jan,2062,288.576223080115,287.1227358007607,K,ssp370,IPSL-CM6A-LR,r8i1p1f1
565,Feb,2062,289.01925035112777,287.37150105880835,K,ssp370,IPSL-CM6A-LR,r8i1p1f1
566,Mar,2062,289.54851647002033,288.081891228984,K,ssp370,IPSL-CM6A-LR,r8i1p1f1
567,Apr,2062,290.13138624201605,288.8843148040927,K,ssp370,IPSL-CM6A-LR,r8i1p1f1
568,May,2062,290.710677787695,289.7929833333499,K,ssp370,IPSL-CM6A-LR,r8i1p1f1
569,Jun,2062,291.27235645123176,290.62730371997685,K,ssp370,IPSL-CM6A-LR,r8i1p1f1
570,Jul,2062,291.6388471689538,291.1644424355461,K,ssp370,IPSL-CM6A-LR,r8i1p1f1
571,Aug,2062,291.7333509386498,291.2741060069091,K,ssp370,IPSL-CM6A-LR,r8i1p1f1
572,Sep,2062,291.2588107737149,290.64424804908685,K,ssp370,IPSL-CM6A-LR,r8i1p1f1
573,Oct,2062,290.4516820773759,289.65006124506465,K,ssp370,IPSL-CM6A-LR,r8i1p1f1
574,Nov,2062,289.689071511547,288.6450333677102,K,ssp370,IPSL-CM6A-LR,r8i1p1f1
575,Dec,2062,289.06417039616247,287.8006568734498,K,ssp370,IPSL-CM6A-LR,r8i1p1f1
576,Jan,2063,288.94198858533207,287.49614465651297,K,ssp370,IPSL-CM6A-LR,r8i1p1f1
577,Feb,2063,289.33665015399487,287.8073242497038,K,ssp370,IPSL-CM6A-LR,r8i1p1f1
578,Mar,2063,289.84205356929135,288.34686564537003,K,ssp370,IPSL-CM6A-LR,r8i1p1f1
579,Apr,2063,290.37017022630204,289.22604996395796,K,ssp370,IPSL-CM6A-LR,r8i1p1f1
580,May,2063,290.74351215797486,289.8766654205741,K,ssp370,IPSL-CM6A-LR,r8i1p1f1
581,Jun,2063,291.21320015853576,290.607651753818,K,ssp370,IPSL-CM6A-LR,r8i1p1f1
582,Jul,2063,291.5534321157795,291.10358355230994,K,ssp370,IPSL-CM6A-LR,r8i1p1f1
583,Aug,2063,291.5796452191954,291.1380623391288,K,ssp370,IPSL-CM6A-LR,r8i1p1f1
584,Sep,2063,291.05912605292906,290.5083768489967,K,ssp370,IPSL-CM6A-LR,r8i1p1f1
585,Oct,2063,290.3752785168725,289.6040042167514,K,ssp370,IPSL-CM6A-LR,r8i1p1f1
586,Nov,2063,289.49992284459313,288.48426649599037,K,ssp370,IPSL-CM6A-LR,r8i1p1f1
587,Dec,2063,288.8782511407673,287.7291376037845,K,ssp370,IPSL-CM6A-LR,r8i1p1f1
588,Jan,2064,288.50327194939865,287.1644468014982,K,ssp370,IPSL-CM6A-LR,r8i1p1f1
589,Feb,2064,288.98235505998764,287.4696304855775,K,ssp370,IPSL-CM6A-LR,r8i1p1f1
590,Mar,2064,289.5787011674258,288.08580859458954,K,ssp370,IPSL-CM6A-LR,r8i1p1f1
591,Apr,2064,290.0446706526984,288.84212045751576,K,ssp370,IPSL-CM6A-LR,r8i1p1f1
592,May,2064,290.60448483207506,289.72247075350333,K,ssp370,IPSL-CM6A-LR,r8i1p1f1
593,Jun,2064,291.34627238342165,290.73562891252567,K,ssp370,IPSL-CM6A-LR,r8i1p1f1
594,Jul,2064,291.73727993951314,291.29138216822207,K,ssp370,IPSL-CM6A-LR,r8i1p1f1
595,Aug,2064,291.75376596284906,291.3489319865759,K,ssp370,IPSL-CM6A-LR,r8i1p1f1
596,Sep,2064,291.53666164416103,291.0130704895907,K,ssp370,IPSL-CM6A-LR,r8i1p1f1
597,Oct,2064,290.606342487322,289.8333562310418,K,ssp370,IPSL-CM6A-LR,r8i1p1f1
598,Nov,2064,289.41642783210824,288.4744760866935,K,ssp370,IPSL-CM6A-LR,r8i1p1f1
599,Dec,2064,288.8058125869338,287.6536732536747,K,ssp370,IPSL-CM6A-LR,r8i1p1f1
600,Jan,2065,288.74330018544765,287.36224073510823,K,ssp370,IPSL-CM6A-LR,r8i1p1f1
601,Feb,2065,289.1746029138355,287.63876328399795,K,ssp370,IPSL-CM6A-LR,r8i1p1f1
602,Mar,2065,289.8034371834567,288.39188280490237,K,ssp370,IPSL-CM6A-LR,r8i1p1f1
603,Apr,2065,290.30339548738755,289.1336346202015,K,ssp370,IPSL-CM6A-LR,r8i1p1f1
604,May,2065,290.91197938500125,290.0496551905039,K,ssp370,IPSL-CM6A-LR,r8i1p1f1
605,Jun,2065,291.423870388406,290.8350345263407,K,ssp370,IPSL-CM6A-LR,r8i1p1f1
606,Jul,2065,291.8939423869076,291.4720454889923,K,ssp370,IPSL-CM6A-LR,r8i1p1f1
607,Aug,2065,291.8036269553459,291.4002502764162,K,ssp370,IPSL-CM6A-LR,r8i1p1f1
608,Sep,2065,291.37986121901406,290.8081874741,K,ssp370,IPSL-CM6A-LR,r8i1p1f1
609,Oct,2065,290.4865072292851,289.7256436523956,K,ssp370,IPSL-CM6A-LR,r8i1p1f1
610,Nov,2065,289.5873668885378,288.5970569068569,K,ssp370,IPSL-CM6A-LR,r8i1p1f1
611,Dec,2065,289.02013969187203,287.83789946888874,K,ssp370,IPSL-CM6A-LR,r8i1p1f1
612,Jan,2066,288.77081241525167,287.3499192475581,K,ssp370,IPSL-CM6A-LR,r8i1p1f1
613,Feb,2066,288.9929512787495,287.52422126313695,K,ssp370,IPSL-CM6A-LR,r8i1p1f1
614,Mar,2066,289.6542162511485,288.2553269950284,K,ssp370,IPSL-CM6A-LR,r8i1p1f1
615,Apr,2066,290.1052208185461,288.9165801637754,K,ssp370,IPSL-CM6A-LR,r8i1p1f1
616,May,2066,290.7678591246761,289.9108900045705,K,ssp370,IPSL-CM6A-LR,r8i1p1f1
617,Jun,2066,291.3412434128134,290.7518637406572,K,ssp370,IPSL-CM6A-LR,r8i1p1f1
618,Jul,2066,291.6407632822915,291.2016189521902,K,ssp370,IPSL-CM6A-LR,r8i1p1f1
619,Aug,2066,291.69213520734496,291.28291221109,K,ssp370,IPSL-CM6A-LR,r8i1p1f1
620,Sep,2066,291.18047112891225,290.62882872578285,K,ssp370,IPSL-CM6A-LR,r8i1p1f1
621,Oct,2066,290.3865077803458,289.5954511418462,K,ssp370,IPSL-CM6A-LR,r8i1p1f1
622,Nov,2066,289.4680837905287,288.4412906909368,K,ssp370,IPSL-CM6A-LR,r8i1p1f1
623,Dec,2066,289.0482153595902,287.81209247066045,K,ssp370,IPSL-CM6A-LR,r8i1p1f1
624,Jan,2067,288.8505770163771,287.39275877557264,K,ssp370,IPSL-CM6A-LR,r8i1p1f1
625,Feb,2067,289.2168212979886,287.6839674207587,K,ssp370,IPSL-CM6A-LR,r8i1p1f1
626,Mar,2067,289.8219549326708,288.40817473779657,K,ssp370,IPSL-CM6A-LR,r8i1p1f1
627,Apr,2067,290.2607242218598,289.1111163788036,K,ssp370,IPSL-CM6A-LR,r8i1p1f1
628,May,2067,290.81500141501175,289.96804787181037,K,ssp370,IPSL-CM6A-LR,r8i1p1f1
629,Jun,2067,291.4495666472674,290.87814509236273,K,ssp370,IPSL-CM6A-LR,r8i1p1f1
630,Jul,2067,291.8971315264518,291.46506980056336,K,ssp370,IPSL-CM6A-LR,r8i1p1f1
631,Aug,2067,291.9533867733857,291.52489352725934,K,ssp370,IPSL-CM6A-LR,r8i1p1f1
632,Sep,2067,291.2810820749077,290.71955564782303,K,ssp370,IPSL-CM6A-LR,r8i1p1f1
633,Oct,2067,290.60335418971323,289.8124381246358,K,ssp370,IPSL-CM6A-LR,r8i1p1f1
634,Nov,2067,289.7533731036199,288.77727819037,K,ssp370,IPSL-CM6A-LR,r8i1p1f1
635,Dec,2067,289.18909741388313,288.0233624148436,K,ssp370,IPSL-CM6A-LR,r8i1p1f1
636,Jan,2068,289.0283501794493,287.70329698795933,K,ssp370,IPSL-CM6A-LR,r8i1p1f1
637,Feb,2068,288.9675587241716,287.614568847409,K,ssp370,IPSL-CM6A-LR,r8i1p1f1
638,Mar,2068,289.5680096653026,288.1225242028124,K,ssp370,IPSL-CM6A-LR,r8i1p1f1
639,Apr,2068,290.3739198897658,289.188062173641,K,ssp370,IPSL-CM6A-LR,r8i1p1f1
640,May,2068,290.8085873448425,289.9653038414444,K,ssp370,IPSL-CM6A-LR,r8i1p1f1
641,Jun,2068,291.5302366942978,290.94015237874106,K,ssp370,IPSL-CM6A-LR,r8i1p1f1
642,Jul,2068,292.0578565924909,291.6343141106594,K,ssp370,IPSL-CM6A-LR,r8i1p1f1
643,Aug,2068,292.0008154345878,291.6313370279903,K,ssp370,IPSL-CM6A-LR,r8i1p1f1
644,Sep,2068,291.55223081113195,291.00729525010127,K,ssp370,IPSL-CM6A-LR,r8i1p1f1
645,Oct,2068,290.7712660976017,289.99897746967883,K,ssp370,IPSL-CM6A-LR,r8i1p1f1
646,Nov,2068,289.9811245418028,289.0406654194714,K,ssp370,IPSL-CM6A-LR,r8i1p1f1
647,Dec,2068,289.41042070905445,288.24525253951276,K,ssp370,IPSL-CM6A-LR,r8i1p1f1
648,Jan,2069,289.28004769064853,287.9384627520681,K,ssp370,IPSL-CM6A-LR,r8i1p1f1
649,Feb,2069,289.4977778691228,287.9849781716958,K,ssp370,IPSL-CM6A-LR,r8i1p1f1
650,Mar,2069,290.0748502293514,288.6459825254707,K,ssp370,IPSL-CM6A-LR,r8i1p1f1
651,Apr,2069,290.6021628995547,289.41206705835737,K,ssp370,IPSL-CM6A-LR,r8i1p1f1
652,May,2069,291.18494025249214,290.3062778595216,K,ssp370,IPSL-CM6A-LR,r8i1p1f1
653,Jun,2069,291.65023247675475,291.07330891297903,K,ssp370,IPSL-CM6A-LR,r8i1p1f1
654,Jul,2069,291.88375196726247,291.51068622900266,K,ssp370,IPSL-CM6A-LR,r8i1p1f1
655,Aug,2069,291.9945937714114,291.6169134782635,K,ssp370,IPSL-CM6A-LR,r8i1p1f1
656,Sep,2069,291.4793462730663,290.961088945382,K,ssp370,IPSL-CM6A-LR,r8i1p1f1
657,Oct,2069,290.68774388789546,289.9663546589248,K,ssp370,IPSL-CM6A-LR,r8i1p1f1
658,Nov,2069,289.8990898314806,288.97307913057375,K,ssp370,IPSL-CM6A-LR,r8i1p1f1
659,Dec,2069,289.0907874930786,288.0132477538097,K,ssp370,IPSL-CM6A-LR,r8i1p1f1
660,Jan,2070,288.9302625560581,287.68089332670235,K,ssp370,IPSL-CM6A-LR,r8i1p1f1
661,Feb,2070,289.13798590576215,287.7874385199832,K,ssp370,IPSL-CM6A-LR,r8i1p1f1
662,Mar,2070,289.87132841709854,288.43679463463667,K,ssp370,IPSL-CM6A-LR,r8i1p1f1
663,Apr,2070,290.52145509208896,289.3979470558142,K,ssp370,IPSL-CM6A-LR,r8i1p1f1
664,May,2070,290.9630115300859,290.1048954768825,K,ssp370,IPSL-CM6A-LR,r8i1p1f1
665,Jun,2070,291.6082363513076,291.04968722553195,K,ssp370,IPSL-CM6A-LR,r8i1p1f1
666,Jul,2070,291.8979822902544,291.510969093209,K,ssp370,IPSL-CM6A-LR,r8i1p1f1
667,Aug,2070,292.18991183419826,291.8193657758643,K,ssp370,IPSL-CM6A-LR,r8i1p1f1
668,Sep,2070,291.6298383388072,291.1340017998197,K,ssp370,IPSL-CM6A-LR,r8i1p1f1
669,Oct,2070,290.7242353995527,289.9888411902038,K,ssp370,IPSL-CM6A-LR,r8i1p1f1
670,Nov,2070,289.95017298673514,289.04370110046597,K,ssp370,IPSL-CM6A-LR,r8i1p1f1
671,Dec,2070,289.3786775394812,288.2408158065459,K,ssp370,IPSL-CM6A-LR,r8i1p1f1
672,Jan,2071,289.2657699472518,287.8754517148848,K,ssp370,IPSL-CM6A-LR,r8i1p1f1
673,Feb,2071,289.2886077831687,287.91593550045235,K,ssp370,IPSL-CM6A-LR,r8i1p1f1
674,Mar,2071,289.75835825082805,288.41773889762203,K,ssp370,IPSL-CM6A-LR,r8i1p1f1
675,Apr,2071,290.50888707794235,289.31935275795036,K,ssp370,IPSL-CM6A-LR,r8i1p1f1
676,May,2071,291.1713269603654,290.32015339749654,K,ssp370,IPSL-CM6A-LR,r8i1p1f1
677,Jun,2071,291.76890762626545,291.1783873202748,K,ssp370,IPSL-CM6A-LR,r8i1p1f1
678,Jul,2071,291.98767483818756,291.5962040287064,K,ssp370,IPSL-CM6A-LR,r8i1p1f1
679,Aug,2071,292.15013074427185,291.79768002921554,K,ssp370,IPSL-CM6A-LR,r8i1p1f1
680,Sep,2071,291.630333663546,291.12809012863295,K,ssp370,IPSL-CM6A-LR,r8i1p1f1
681,Oct,2071,290.73513986398564,289.9954441863452,K,ssp370,IPSL-CM6A-LR,r8i1p1f1
682,Nov,2071,289.89305910262476,288.9515061089374,K,ssp370,IPSL-CM6A-LR,r8i1p1f1
683,Dec,2071,289.3293719031532,288.21472911799214,K,ssp370,IPSL-CM6A-LR,r8i1p1f1
684,Jan,2072,289.15503511685773,287.81393605903764,K,ssp370,IPSL-CM6A-LR,r8i1p1f1
685,Feb,2072,289.21845317198296,287.8055915033448,K,ssp370,IPSL-CM6A-LR,r8i1p1f1
686,Mar,2072,289.96743789601584,288.58018821318143,K,ssp370,IPSL-CM6A-LR,r8i1p1f1
687,Apr,2072,290.4636299262689,289.3445003484242,K,ssp370,IPSL-CM6A-LR,r8i1p1f1
688,May,2072,291.0601812637162,290.2227721384774,K,ssp370,IPSL-CM6A-LR,r8i1p1f1
689,Jun,2072,291.63327034394655,291.0640874011488,K,ssp370,IPSL-CM6A-LR,r8i1p1f1
690,Jul,2072,291.9996117612605,291.57470887771706,K,ssp370,IPSL-CM6A-LR,r8i1p1f1
691,Aug,2072,291.99465562956215,291.60076025138324,K,ssp370,IPSL-CM6A-LR,r8i1p1f1
692,Sep,2072,291.63448287178255,291.09048870401955,K,ssp370,IPSL-CM6A-LR,r8i1p1f1
693,Oct,2072,290.8812513235302,290.1102063481234,K,ssp370,IPSL-CM6A-LR,r8i1p1f1
694,Nov,2072,289.8354005534101,288.8817706923129,K,ssp370,IPSL-CM6A-LR,r8i1p1f1
695,Dec,2072,289.33190544495744,288.18514564568835,K,ssp370,IPSL-CM6A-LR,r8i1p1f1
696,Jan,2073,288.99228407103396,287.69950333429307,K,ssp370,IPSL-CM6A-LR,r8i1p1f1
697,Feb,2073,289.0795788171137,287.63405616791505,K,ssp370,IPSL-CM6A-LR,r8i1p1f1
698,Mar,2073,289.66641974952915,288.3120808523112,K,ssp370,IPSL-CM6A-LR,r8i1p1f1
699,Apr,2073,290.26035258523194,289.1510195155799,K,ssp370,IPSL-CM6A-LR,r8i1p1f1
700,May,2073,291.0376703424058,290.17943472238534,K,ssp370,IPSL-CM6A-LR,r8i1p1f1
701,Jun,2073,291.6279215341143,291.0521690355796,K,ssp370,IPSL-CM6A-LR,r8i1p1f1
702,Jul,2073,292.05474645624565,291.6751313978759,K,ssp370,IPSL-CM6A-LR,r8i1p1f1
703,Aug,2073,292.4431660415143,292.06230230035635,K,ssp370,IPSL-CM6A-LR,r8i1p1f1
704,Sep,2073,291.82743354603747,291.31236584307425,K,ssp370,IPSL-CM6A-LR,r8i1p1f1
705,Oct,2073,291.07808474530907,290.3516944387013,K,ssp370,IPSL-CM6A-LR,r8i1p1f1
706,Nov,2073,290.19087361052846,289.2542470430589,K,ssp370,IPSL-CM6A-LR,r8i1p1f1
707,Dec,2073,289.6148700197114,288.51417428571693,K,ssp370,IPSL-CM6A-LR,r8i1p1f1
708,Jan,2074,289.48432288740895,288.22763388685865,K,ssp370,IPSL-CM6A-LR,r8i1p1f1
709,Feb,2074,289.7727296809626,288.3637156816868,K,ssp370,IPSL-CM6A-LR,r8i1p1f1
710,Mar,2074,290.2723412959364,288.9624733733558,K,ssp370,IPSL-CM6A-LR,r8i1p1f1
711,Apr,2074,290.8637939199586,289.7076388183017,K,ssp370,IPSL-CM6A-LR,r8i1p1f1
712,May,2074,291.4565062574737,290.6014157834007,K,ssp370,IPSL-CM6A-LR,r8i1p1f1
713,Jun,2074,292.0276904223477,291.4556014421378,K,ssp370,IPSL-CM6A-LR,r8i1p1f1
714,Jul,2074,292.4656607092259,292.10804861727763,K,ssp370,IPSL-CM6A-LR,r8i1p1f1
715,Aug,2074,292.558148522465,292.2067565514711,K,ssp370,IPSL-CM6A-LR,r8i1p1f1
716,Sep,2074,292.0095791197753,291.5090030510368,K,ssp370,IPSL-CM6A-LR,r8i1p1f1
717,Oct,2074,291.2767386021732,290.5455654587324,K,ssp370,IPSL-CM6A-LR,r8i1p1f1
718,Nov,2074,290.4288087164405,289.5041936776495,K,ssp370,IPSL-CM6A-LR,r8i1p1f1
719,Dec,2074,289.66299378873697,288.6637527735395,K,ssp370,IPSL-CM6A-LR,r8i1p1f1
720,Jan,2075,289.5991105354237,288.37983183997187,K,ssp370,IPSL-CM6A-LR,r8i1p1f1
721,Feb,2075,289.7595016500956,288.4541923572435,K,ssp370,IPSL-CM6A-LR,r8i1p1f1
722,Mar,2075,290.4185385283894,289.09685037982496,K,ssp370,IPSL-CM6A-LR,r8i1p1f1
723,Apr,2075,290.89989965523193,289.7732939079801,K,ssp370,IPSL-CM6A-LR,r8i1p1f1
724,May,2075,291.5599813464918,290.69374120174746,K,ssp370,IPSL-CM6A-LR,r8i1p1f1
725,Jun,2075,292.0294032434217,291.44169344138874,K,ssp370,IPSL-CM6A-LR,r8i1p1f1
726,Jul,2075,292.180464909067,291.84129822064125,K,ssp370,IPSL-CM6A-LR,r8i1p1f1
727,Aug,2075,292.3676145351113,292.01430722361596,K,ssp370,IPSL-CM6A-LR,r8i1p1f1
728,Sep,2075,291.6811343899309,291.1993987922432,K,ssp370,IPSL-CM6A-LR,r8i1p1f1
729,Oct,2075,291.0718144437216,290.38279348122495,K,ssp370,IPSL-CM6A-LR,r8i1p1f1
730,Nov,2075,290.21821056948875,289.30545959981896,K,ssp370,IPSL-CM6A-LR,r8i1p1f1
731,Dec,2075,289.54872900144926,288.4722877729393,K,ssp370,IPSL-CM6A-LR,r8i1p1f1
732,Jan,2076,289.45872723183464,288.15467166830683,K,ssp370,IPSL-CM6A-LR,r8i1p1f1
733,Feb,2076,289.6973190611744,288.2817942048728,K,ssp370,IPSL-CM6A-LR,r8i1p1f1
734,Mar,2076,289.88824651649264,288.5351428367095,K,ssp370,IPSL-CM6A-LR,r8i1p1f1
735,Apr,2076,290.6871233030719,289.5756112899751,K,ssp370,IPSL-CM6A-LR,r8i1p1f1
736,May,2076,291.1976086594281,290.39199647127333,K,ssp370,IPSL-CM6A-LR,r8i1p1f1
737,Jun,2076,291.817707526687,291.23071648036347,K,ssp370,IPSL-CM6A-LR,r8i1p1f1
738,Jul,2076,292.32452736279083,291.933387133699,K,ssp370,IPSL-CM6A-LR,r8i1p1f1
739,Aug,2076,292.42055543587276,292.09671616385344,K,ssp370,IPSL-CM6A-LR,r8i1p1f1
740,Sep,2076,291.9177854900467,291.43235908259203,K,ssp370,IPSL-CM6A-LR,r8i1p1f1
741,Oct,2076,291.0850595780011,290.35231232496767,K,ssp370,IPSL-CM6A-LR,r8i1p1f1
742,Nov,2076,290.223004210258,289.3072992886634,K,ssp370,IPSL-CM6A-LR,r8i1p1f1
743,Dec,2076,289.75172310717863,288.68117072107754,K,ssp370,IPSL-CM6A-LR,r8i1p1f1
744,Jan,2077,289.4214485959784,288.2150055224154,K,ssp370,IPSL-CM6A-LR,r8i1p1f1
745,Feb,2077,289.67342802364203,288.35241450960285,K,ssp370,IPSL-CM6A-LR,r8i1p1f1
746,Mar,2077,290.39043867781896,289.06931388907225,K,ssp370,IPSL-CM6A-LR,r8i1p1f1
747,Apr,2077,290.9992235718758,289.89573316325465,K,ssp370,IPSL-CM6A-LR,r8i1p1f1
748,May,2077,291.5037213236044,290.68942672894934,K,ssp370,IPSL-CM6A-LR,r8i1p1f1
749,Jun,2077,292.1729916944691,291.62205433680674,K,ssp370,IPSL-CM6A-LR,r8i1p1f1
750,Jul,2077,292.71342504595896,292.3595341460787,K,ssp370,IPSL-CM6A-LR,r8i1p1f1
751,Aug,2077,292.7180398727274,292.3883614026661,K,ssp370,IPSL-CM6A-LR,r8i1p1f1
752,Sep,2077,292.29092773837226,291.78622597280315,K,ssp370,IPSL-CM6A-LR,r8i1p1f1
753,Oct,2077,291.4712696017407,290.76134746463094,K,ssp370,IPSL-CM6A-LR,r8i1p1f1
754,Nov,2077,290.50111278758703,289.59014754722483,K,ssp370,IPSL-CM6A-LR,r8i1p1f1
755,Dec,2077,289.92241538004953,288.8480594688686,K,ssp370,IPSL-CM6A-LR,r8i1p1f1
756,Jan,2078,289.883110771459,288.68343109180927,K,ssp370,IPSL-CM6A-LR,r8i1p1f1
757,Feb,2078,290.2281045015175,288.9176415417508,K,ssp370,IPSL-CM6A-LR,r8i1p1f1
758,Mar,2078,290.67879519054776,289.35335692181,K,ssp370,IPSL-CM6A-LR,r8i1p1f1
759,Apr,2078,291.0665102300057,289.95396171144625,K,ssp370,IPSL-CM6A-LR,r8i1p1f1
760,May,2078,291.5989197929631,290.756086858126,K,ssp370,IPSL-CM6A-LR,r8i1p1f1
761,Jun,2078,292.20679272310275,291.63417354402026,K,ssp370,IPSL-CM6A-LR,r8i1p1f1
762,Jul,2078,292.51465836048817,292.1583194037102,K,ssp370,IPSL-CM6A-LR,r8i1p1f1
763,Aug,2078,292.6439973668113,292.3003186697552,K,ssp370,IPSL-CM6A-LR,r8i1p1f1
764,Sep,2078,292.2232337357805,291.7489813169121,K,ssp370,IPSL-CM6A-LR,r8i1p1f1
765,Oct,2078,291.3020884843019,290.61531037699655,K,ssp370,IPSL-CM6A-LR,r8i1p1f1
766,Nov,2078,290.38810867528287,289.5096509317208,K,ssp370,IPSL-CM6A-LR,r8i1p1f1
767,Dec,2078,289.70402609001064,288.5944000051967,K,ssp370,IPSL-CM6A-LR,r8i1p1f1
768,Jan,2079,289.54516351947944,288.32155802436176,K,ssp370,IPSL-CM6A-LR,r8i1p1f1
769,Feb,2079,289.9563356763842,288.59743807029747,K,ssp370,IPSL-CM6A-LR,r8i1p1f1
770,Mar,2079,290.153975968246,288.871944869126,K,ssp370,IPSL-CM6A-LR,r8i1p1f1
771,Apr,2079,290.8011705317461,289.66841822467444,K,ssp370,IPSL-CM6A-LR,r8i1p1f1
772,May,2079,291.3846543330667,290.53223586797685,K,ssp370,IPSL-CM6A-LR,r8i1p1f1
773,Jun,2079,292.04740714364505,291.44258471675954,K,ssp370,IPSL-CM6A-LR,r8i1p1f1
774,Jul,2079,292.5200214071051,292.1417385845433,K,ssp370,IPSL-CM6A-LR,r8i1p1f1
775,Aug,2079,292.58729697418795,292.23474378695,K,ssp370,IPSL-CM6A-LR,r8i1p1f1
776,Sep,2079,291.968064645077,291.4698869558903,K,ssp370,IPSL-CM6A-LR,r8i1p1f1
777,Oct,2079,291.04485170658876,290.35693688706914,K,ssp370,IPSL-CM6A-LR,r8i1p1f1
778,Nov,2079,290.2617564519763,289.38789951674374,K,ssp370,IPSL-CM6A-LR,r8i1p1f1
779,Dec,2079,289.9332099676005,288.87742054784536,K,ssp370,IPSL-CM6A-LR,r8i1p1f1
780,Jan,2080,289.5887269853998,288.39466119422264,K,ssp370,IPSL-CM6A-LR,r8i1p1f1
781,Feb,2080,289.75788101252294,288.38759599061643,K,ssp370,IPSL-CM6A-LR,r8i1p1f1
782,Mar,2080,290.1425692309305,288.81592509472523,K,ssp370,IPSL-CM6A-LR,r8i1p1f1
783,Apr,2080,290.82471844056937,289.7773648101653,K,ssp370,IPSL-CM6A-LR,r8i1p1f1
784,May,2080,291.1515246943148,290.3360318715115,K,ssp370,IPSL-CM6A-LR,r8i1p1f1
785,Jun,2080,291.964229267115,291.4284866316569,K,ssp370,IPSL-CM6A-LR,r8i1p1f1
786,Jul,2080,292.34211535559007,291.98858564102176,K,ssp370,IPSL-CM6A-LR,r8i1p1f1
787,Aug,2080,292.4694758410851,292.147893467343,K,ssp370,IPSL-CM6A-LR,r8i1p1f1
788,Sep,2080,291.9336532447269,291.491314698786,K,ssp370,IPSL-CM6A-LR,r8i1p1f1
789,Oct,2080,290.9024672258877,290.2200719669355,K,ssp370,IPSL-CM6A-LR,r8i1p1f1
790,Nov,2080,290.21724673919965,289.33960094531864,K,ssp370,IPSL-CM6A-LR,r8i1p1f1
791,Dec,2080,289.61228653900065,288.6068957905596,K,ssp370,IPSL-CM6A-LR,r8i1p1f1
792,Jan,2081,289.2166560231363,288.0561606411471,K,ssp370,IPSL-CM6A-LR,r8i1p1f1
793,Feb,2081,289.85154974250446,288.52868446778865,K,ssp370,IPSL-CM6A-LR,r8i1p1f1
794,Mar,2081,290.14270984778085,288.8908816011784,K,ssp370,IPSL-CM6A-LR,r8i1p1f1
795,Apr,2081,290.81685363461145,289.7099224704353,K,ssp370,IPSL-CM6A-LR,r8i1p1f1
796,May,2081,291.63255954574913,290.8012459596959,K,ssp370,IPSL-CM6A-LR,r8i1p1f1
797,Jun,2081,292.2341588599219,291.6825317615303,K,ssp370,IPSL-CM6A-LR,r8i1p1f1
798,Jul,2081,292.61045221961547,292.2919417525459,K,ssp370,IPSL-CM6A-LR,r8i1p1f1
799,Aug,2081,292.6196074277949,292.3104806119139,K,ssp370,IPSL-CM6A-LR,r8i1p1f1
800,Sep,2081,292.0457324799684,291.5800264267371,K,ssp370,IPSL-CM6A-LR,r8i1p1f1
801,Oct,2081,291.2600879529734,290.5536501263145,K,ssp370,IPSL-CM6A-LR,r8i1p1f1
802,Nov,2081,290.39971403233545,289.5370172885663,K,ssp370,IPSL-CM6A-LR,r8i1p1f1
803,Dec,2081,289.8927129935273,288.8093568180199,K,ssp370,IPSL-CM6A-LR,r8i1p1f1
804,Jan,2082,289.6135211858632,288.38233369547754,K,ssp370,IPSL-CM6A-LR,r8i1p1f1
805,Feb,2082,289.8239794548634,288.50445186972775,K,ssp370,IPSL-CM6A-LR,r8i1p1f1
806,Mar,2082,290.3835296534224,289.1251624692173,K,ssp370,IPSL-CM6A-LR,r8i1p1f1
807,Apr,2082,290.87022443091104,289.75622921801136,K,ssp370,IPSL-CM6A-LR,r8i1p1f1
808,May,2082,291.37070741700575,290.5410511247305,K,ssp370,IPSL-CM6A-LR,r8i1p1f1
809,Jun,2082,292.03236402794244,291.45222834720147,K,ssp370,IPSL-CM6A-LR,r8i1p1f1
810,Jul,2082,292.5122076802105,292.1229538992153,K,ssp370,IPSL-CM6A-LR,r8i1p1f1
811,Aug,2082,292.50706864989235,292.14577844163904,K,ssp370,IPSL-CM6A-LR,r8i1p1f1
812,Sep,2082,292.0421686717883,291.560728220228,K,ssp370,IPSL-CM6A-LR,r8i1p1f1
813,Oct,2082,291.18641485395614,290.48509055004433,K,ssp370,IPSL-CM6A-LR,r8i1p1f1
814,Nov,2082,290.24251728076723,289.3523681520232,K,ssp370,IPSL-CM6A-LR,r8i1p1f1
815,Dec,2082,289.58023366319003,288.4909706557658,K,ssp370,IPSL-CM6A-LR,r8i1p1f1
816,Jan,2083,289.23411001012175,287.9732736702835,K,ssp370,IPSL-CM6A-LR,r8i1p1f1
817,Feb,2083,289.57753746371736,288.22023590742225,K,ssp370,IPSL-CM6A-LR,r8i1p1f1
818,Mar,2083,290.23156745439644,288.8991972914997,K,ssp370,IPSL-CM6A-LR,r8i1p1f1
819,Apr,2083,290.849007880368,289.73596361999944,K,ssp370,IPSL-CM6A-LR,r8i1p1f1
820,May,2083,291.5567677038722,290.72498505643546,K,ssp370,IPSL-CM6A-LR,r8i1p1f1
821,Jun,2083,292.22981593146733,291.6928354004304,K,ssp370,IPSL-CM6A-LR,r8i1p1f1
822,Jul,2083,292.5806786440474,292.259262457477,K,ssp370,IPSL-CM6A-LR,r8i1p1f1
823,Aug,2083,292.754270523006,292.43199655035824,K,ssp370,IPSL-CM6A-LR,r8i1p1f1
824,Sep,2083,292.2603501770018,291.7741459049769,K,ssp370,IPSL-CM6A-LR,r8i1p1f1
825,Oct,2083,291.3831849022694,290.69516025264943,K,ssp370,IPSL-CM6A-LR,r8i1p1f1
826,Nov,2083,290.59738433791114,289.73109039236584,K,ssp370,IPSL-CM6A-LR,r8i1p1f1
827,Dec,2083,289.9973102948461,288.9690414876688,K,ssp370,IPSL-CM6A-LR,r8i1p1f1
828,Jan,2084,289.9501158615505,288.8240348122238,K,ssp370,IPSL-CM6A-LR,r8i1p1f1
829,Feb,2084,290.19332596287705,288.8887265229475,K,ssp370,IPSL-CM6A-LR,r8i1p1f1
830,Mar,2084,290.7876572463948,289.5438788964434,K,ssp370,IPSL-CM6A-LR,r8i1p1f1
831,Apr,2084,291.37541473038004,290.289545091816,K,ssp370,IPSL-CM6A-LR,r8i1p1f1
832,May,2084,291.7856495784885,290.9395393223875,K,ssp370,IPSL-CM6A-LR,r8i1p1f1
833,Jun,2084,292.56574255838336,291.99445414969813,K,ssp370,IPSL-CM6A-LR,r8i1p1f1
834,Jul,2084,293.1015959842693,292.7620235036067,K,ssp370,IPSL-CM6A-LR,r8i1p1f1
835,Aug,2084,293.1299890850904,292.78131737944926,K,ssp370,IPSL-CM6A-LR,r8i1p1f1
836,Sep,2084,292.5657939107893,292.06694518940736,K,ssp370,IPSL-CM6A-LR,r8i1p1f1
837,Oct,2084,291.71383988831116,290.97675010289873,K,ssp370,IPSL-CM6A-LR,r8i1p1f1
838,Nov,2084,290.58817790533584,289.6805832939983,K,ssp370,IPSL-CM6A-LR,r8i1p1f1
839,Dec,2084,289.9039324056448,288.84260157143063,K,ssp370,IPSL-CM6A-LR,r8i1p1f1
840,Jan,2085,289.83678218127915,288.6432664766743,K,ssp370,IPSL-CM6A-LR,r8i1p1f1
841,Feb,2085,289.9638913420526,288.6408931678559,K,ssp370,IPSL-CM6A-LR,r8i1p1f1
842,Mar,2085,290.8142981770258,289.5297336280913,K,ssp370,IPSL-CM6A-LR,r8i1p1f1
843,Apr,2085,291.2649454228274,290.0897890941206,K,ssp370,IPSL-CM6A-LR,r8i1p1f1
844,May,2085,291.9359732906982,291.0962716674964,K,ssp370,IPSL-CM6A-LR,r8i1p1f1
845,Jun,2085,292.4963526934327,291.95964937369007,K,ssp370,IPSL-CM6A-LR,r8i1p1f1
846,Jul,2085,292.962241007715,292.5633222645632,K,ssp370,IPSL-CM6A-LR,r8i1p1f1
847,Aug,2085,292.86650227486064,292.5125052631309,K,ssp370,IPSL-CM6A-LR,r8i1p1f1
848,Sep,2085,292.35296273063636,291.8483551855595,K,ssp370,IPSL-CM6A-LR,r8i1p1f1
849,Oct,2085,291.63333165903526,290.91816098786313,K,ssp370,IPSL-CM6A-LR,r8i1p1f1
850,Nov,2085,290.9343828007047,290.0426212916501,K,ssp370,IPSL-CM6A-LR,r8i1p1f1
851,Dec,2085,290.1402986644801,289.0944628066993,K,ssp370,IPSL-CM6A-LR,r8i1p1f1
852,Jan,2086,290.14666356551083,288.91649611285777,K,ssp370,IPSL-CM6A-LR,r8i1p1f1
853,Feb,2086,290.3701375121654,289.06983060331044,K,ssp370,IPSL-CM6A-LR,r8i1p1f1
854,Mar,2086,290.592204224663,289.312406134403,K,ssp370,IPSL-CM6A-LR,r8i1p1f1
855,Apr,2086,291.2530395030418,290.16451939162505,K,ssp370,IPSL-CM6A-LR,r8i1p1f1
856,May,2086,291.9280876535712,291.078890384559,K,ssp370,IPSL-CM6A-LR,r8i1p1f1
857,Jun,2086,292.5608195568591,291.9769582702897,K,ssp370,IPSL-CM6A-LR,r8i1p1f1
858,Jul,2086,292.9278781093527,292.60404409244893,K,ssp370,IPSL-CM6A-LR,r8i1p1f1
859,Aug,2086,293.2062460775717,292.89286774386045,K,ssp370,IPSL-CM6A-LR,r8i1p1f1
860,Sep,2086,292.66633209281713,292.2117953859092,K,ssp370,IPSL-CM6A-LR,r8i1p1f1
861,Oct,2086,291.63764196011283,290.9493249705855,K,ssp370,IPSL-CM6A-LR,r8i1p1f1
862,Nov,2086,290.8655607835482,289.96673119421945,K,ssp370,IPSL-CM6A-LR,r8i1p1f1
863,Dec,2086,290.2245747076896,289.194567940741,K,ssp370,IPSL-CM6A-LR,r8i1p1f1
864,Jan,2087,290.1611300457752,288.93778995804166,K,ssp370,IPSL-CM6A-LR,r8i1p1f1
865,Feb,2087,290.387909578594,289.1224800078908,K,ssp370,IPSL-CM6A-LR,r8i1p1f1
866,Mar,2087,290.8489009946917,289.5714085268859,K,ssp370,IPSL-CM6A-LR,r8i1p1f1
867,Apr,2087,291.3242087933205,290.2644957357502,K,ssp370,IPSL-CM6A-LR,r8i1p1f1
868,May,2087,291.99743890939686,291.1597850253129,K,ssp370,IPSL-CM6A-LR,r8i1p1f1
869,Jun,2087,292.5834637901898,292.0284565690389,K,ssp370,IPSL-CM6A-LR,r8i1p1f1
870,Jul,2087,293.0078639470381,292.6803996564345,K,ssp370,IPSL-CM6A-LR,r8i1p1f1
871,Aug,2087,293.12544477147395,292.8109769584217,K,ssp370,IPSL-CM6A-LR,r8i1p1f1
872,Sep,2087,292.62301449560755,292.17266813857213,K,ssp370,IPSL-CM6A-LR,r8i1p1f1
873,Oct,2087,291.6458834665883,290.9329586702118,K,ssp370,IPSL-CM6A-LR,r8i1p1f1
874,Nov,2087,290.7494656419203,289.85634637512493,K,ssp370,IPSL-CM6A-LR,r8i1p1f1
875,Dec,2087,290.09736781919486,289.09403579356524,K,ssp370,IPSL-CM6A-LR,r8i1p1f1
876,Jan,2088,289.94875385274895,288.7291531997904,K,ssp370,IPSL-CM6A-LR,r8i1p1f1
877,Feb,2088,290.3194064526399,289.02471178078247,K,ssp370,IPSL-CM6A-LR,r8i1p1f1
878,Mar,2088,290.7062692852167,289.46661779045456,K,ssp370,IPSL-CM6A-LR,r8i1p1f1
879,Apr,2088,291.36480863062627,290.2264158255461,K,ssp370,IPSL-CM6A-LR,r8i1p1f1
880,May,2088,292.02541820017603,291.1668528844735,K,ssp370,IPSL-CM6A-LR,r8i1p1f1
881,Jun,2088,292.59806328887487,292.03480491356856,K,ssp370,IPSL-CM6A-LR,r8i1p1f1
882,Jul,2088,293.1215897847864,292.76012515016566,K,ssp370,IPSL-CM6A-LR,r8i1p1f1
883,Aug,2088,293.0253088980969,292.68342563160974,K,ssp370,IPSL-CM6A-LR,r8i1p1f1
884,Sep,2088,292.4573611347333,291.9835530393923,K,ssp370,IPSL-CM6A-LR,r8i1p1f1
885,Oct,2088,291.5100842884173,290.81779917648214,K,ssp370,IPSL-CM6A-LR,r8i1p1f1
886,Nov,2088,290.89023768066505,289.9723613110063,K,ssp370,IPSL-CM6A-LR,r8i1p1f1
887,Dec,2088,290.02625130480135,288.99941430407887,K,ssp370,IPSL-CM6A-LR,r8i1p1f1
888,Jan,2089,289.8704560470937,288.7022598570061,K,ssp370,IPSL-CM6A-LR,r8i1p1f1
889,Feb,2089,290.1868417083099,288.9547595616256,K,ssp370,IPSL-CM6A-LR,r8i1p1f1
890,Mar,2089,290.75063070393355,289.54784855396287,K,ssp370,IPSL-CM6A-LR,r8i1p1f1
891,Apr,2089,291.4845471247757,290.3739151457336,K,ssp370,IPSL-CM6A-LR,r8i1p1f1
892,May,2089,291.9580636929251,291.13991605400975,K,ssp370,IPSL-CM6A-LR,r8i1p1f1
893,Jun,2089,292.60287582346933,292.0722399922076,K,ssp370,IPSL-CM6A-LR,r8i1p1f1
894,Jul,2089,292.9867064159957,292.66447348525116,K,ssp370,IPSL-CM6A-LR,r8i1p1f1
895,Aug,2089,292.99893801818257,292.6862521524883,K,ssp370,IPSL-CM6A-LR,r8i1p1f1
896,Sep,2089,292.5465642173821,292.0870693701273,K,ssp370,IPSL-CM6A-LR,r8i1p1f1
897,Oct,2089,291.83216311097476,291.15525916617764,K,ssp370,IPSL-CM6A-LR,r8i1p1f1
898,Nov,2089,290.91349778060226,289.99363506991,K,ssp370,IPSL-CM6A-LR,r8i1p1f1
899,Dec,2089,290.36162983883287,289.3094081366595,K,ssp370,IPSL-CM6A-LR,r8i1p1f1
900,Jan,2090,289.94735211906334,288.7636398760303,K,ssp370,IPSL-CM6A-LR,r8i1p1f1
901,Feb,2090,290.2409172233629,288.94628774901605,K,ssp370,IPSL-CM6A-LR,r8i1p1f1
902,Mar,2090,290.62999363720377,289.3447145707189,K,ssp370,IPSL-CM6A-LR,r8i1p1f1
903,Apr,2090,291.41907386548127,290.31903164262576,K,ssp370,IPSL-CM6A-LR,r8i1p1f1
904,May,2090,291.8940252814211,291.0530847841371,K,ssp370,IPSL-CM6A-LR,r8i1p1f1
905,Jun,2090,292.52539783769475,291.9779124309082,K,ssp370,IPSL-CM6A-LR,r8i1p1f1
906,Jul,2090,293.15160785143456,292.80280662570044,K,ssp370,IPSL-CM6A-LR,r8i1p1f1
907,Aug,2090,293.01392050893924,292.7002184793872,K,ssp370,IPSL-CM6A-LR,r8i1p1f1
908,Sep,2090,292.5721389446132,292.1090853919297,K,ssp370,IPSL-CM6A-LR,r8i1p1f1
909,Oct,2090,291.8419948744103,291.15111823964827,K,ssp370,IPSL-CM6A-LR,r8i1p1f1
910,Nov,2090,291.0410001567721,290.115441791412,K,ssp370,IPSL-CM6A-LR,r8i1p1f1
911,Dec,2090,290.3398173962739,289.3040654996112,K,ssp370,IPSL-CM6A-LR,r8i1p1f1
912,Jan,2091,290.09392592188544,288.97043837760896,K,ssp370,IPSL-CM6A-LR,r8i1p1f1
913,Feb,2091,290.337244836056,289.0576756617958,K,ssp370,IPSL-CM6A-LR,r8i1p1f1
914,Mar,2091,291.1342478682851,289.92484351874555,K,ssp370,IPSL-CM6A-LR,r8i1p1f1
915,Apr,2091,291.4465690926476,290.3698239512609,K,ssp370,IPSL-CM6A-LR,r8i1p1f1
916,May,2091,292.1441010912986,291.28126088825775,K,ssp370,IPSL-CM6A-LR,r8i1p1f1
917,Jun,2091,292.73760937062553,292.14961310554736,K,ssp370,IPSL-CM6A-LR,r8i1p1f1
918,Jul,2091,293.2730313373497,292.9192094610622,K,ssp370,IPSL-CM6A-LR,r8i1p1f1
919,Aug,2091,293.37125957833507,293.0099861280638,K,ssp370,IPSL-CM6A-LR,r8i1p1f1
920,Sep,2091,292.8673087393772,292.3906246613496,K,ssp370,IPSL-CM6A-LR,r8i1p1f1
921,Oct,2091,292.0097634149277,291.33190832092345,K,ssp370,IPSL-CM6A-LR,r8i1p1f1
922,Nov,2091,291.0555205517808,290.1540609969399,K,ssp370,IPSL-CM6A-LR,r8i1p1f1
923,Dec,2091,290.61804288279916,289.5755211559571,K,ssp370,IPSL-CM6A-LR,r8i1p1f1
924,Jan,2092,290.45824677724477,289.2447236668466,K,ssp370,IPSL-CM6A-LR,r8i1p1f1
925,Feb,2092,290.64070501357924,289.41888875084146,K,ssp370,IPSL-CM6A-LR,r8i1p1f1
926,Mar,2092,291.16166576843324,289.9538972905776,K,ssp370,IPSL-CM6A-LR,r8i1p1f1
927,Apr,2092,291.68721272943066,290.63205324216796,K,ssp370,IPSL-CM6A-LR,r8i1p1f1
928,May,2092,292.2747624516576,291.4566567359592,K,ssp370,IPSL-CM6A-LR,r8i1p1f1
929,Jun,2092,292.88858470473616,292.3430923216509,K,ssp370,IPSL-CM6A-LR,r8i1p1f1
930,Jul,2092,293.2862076222147,292.967936670389,K,ssp370,IPSL-CM6A-LR,r8i1p1f1
931,Aug,2092,293.4727661716416,293.15821351311547,K,ssp370,IPSL-CM6A-LR,r8i1p1f1
932,Sep,2092,293.0949084322951,292.6434644050887,K,ssp370,IPSL-CM6A-LR,r8i1p1f1
933,Oct,2092,292.10165561634005,291.4180864824432,K,ssp370,IPSL-CM6A-LR,r8i1p1f1
934,Nov,2092,291.1952353748993,290.3148785085702,K,ssp370,IPSL-CM6A-LR,r8i1p1f1
935,Dec,2092,290.79054179489395,289.75550810032604,K,ssp370,IPSL-CM6A-LR,r8i1p1f1
936,Jan,2093,290.642803126195,289.4918814077795,K,ssp370,IPSL-CM6A-LR,r8i1p1f1
937,Feb,2093,290.9060125633132,289.64594499351296,K,ssp370,IPSL-CM6A-LR,r8i1p1f1
938,Mar,2093,291.21552261759285,289.9856615241365,K,ssp370,IPSL-CM6A-LR,r8i1p1f1
939,Apr,2093,291.8083884285479,290.7571591332339,K,ssp370,IPSL-CM6A-LR,r8i1p1f1
940,May,2093,292.30614050066896,291.5022587976336,K,ssp370,IPSL-CM6A-LR,r8i1p1f1
941,Jun,2093,293.2031012995225,292.68129510118206,K,ssp370,IPSL-CM6A-LR,r8i1p1f1
942,Jul,2093,293.5398205340743,293.17223615023204,K,ssp370,IPSL-CM6A-LR,r8i1p1f1
943,Aug,2093,293.66525659138415,293.3480930428511,K,ssp370,IPSL-CM6A-LR,r8i1p1f1
944,Sep,2093,293.14472383353103,292.69089706406055,K,ssp370,IPSL-CM6A-LR,r8i1p1f1
945,Oct,2093,292.3239368038951,291.6243037121529,K,ssp370,IPSL-CM6A-LR,r8i1p1f1
946,Nov,2093,291.1736477022297,290.3077795125679,K,ssp370,IPSL-CM6A-LR,r8i1p1f1
947,Dec,2093,290.6756693302952,289.689465685457,K,ssp370,IPSL-CM6A-LR,r8i1p1f1
948,Jan,2094,290.5106161323102,289.35276938112406,K,ssp370,IPSL-CM6A-LR,r8i1p1f1
949,Feb,2094,290.84392159002545,289.642319610047,K,ssp370,IPSL-CM6A-LR,r8i1p1f1
950,Mar,2094,291.0471004000731,289.8515835506833,K,ssp370,IPSL-CM6A-LR,r8i1p1f1
951,Apr,2094,291.594703251217,290.55383385011925,K,ssp370,IPSL-CM6A-LR,r8i1p1f1
952,May,2094,292.4234097678059,291.6136805555264,K,ssp370,IPSL-CM6A-LR,r8i1p1f1
953,Jun,2094,293.0506750231526,292.5248513678335,K,ssp370,IPSL-CM6A-LR,r8i1p1f1
954,Jul,2094,293.4315381139947,293.1359994662577,K,ssp370,IPSL-CM6A-LR,r8i1p1f1
955,Aug,2094,293.50246235809465,293.2005681612834,K,ssp370,IPSL-CM6A-LR,r8i1p1f1
956,Sep,2094,292.8903496030764,292.46091974946006,K,ssp370,IPSL-CM6A-LR,r8i1p1f1
957,Oct,2094,292.0298662655471,291.38278671373484,K,ssp370,IPSL-CM6A-LR,r8i1p1f1
958,Nov,2094,291.0447041689227,290.1786948811742,K,ssp370,IPSL-CM6A-LR,r8i1p1f1
959,Dec,2094,290.4356366815607,289.4801502308162,K,ssp370,IPSL-CM6A-LR,r8i1p1f1
960,Jan,2095,290.3323987959474,289.1506054381619,K,ssp370,IPSL-CM6A-LR,r8i1p1f1
961,Feb,2095,290.38045990966685,289.1930702374354,K,ssp370,IPSL-CM6A-LR,r8i1p1f1
962,Mar,2095,290.95080630531675,289.79610203398096,K,ssp370,IPSL-CM6A-LR,r8i1p1f1
963,Apr,2095,291.6565927669205,290.6615120395842,K,ssp370,IPSL-CM6A-LR,r8i1p1f1
964,May,2095,292.2800731618308,291.5077743462172,K,ssp370,IPSL-CM6A-LR,r8i1p1f1
965,Jun,2095,293.0421376211434,292.5137766203543,K,ssp370,IPSL-CM6A-LR,r8i1p1f1
966,Jul,2095,293.45023271089565,293.11768892386783,K,ssp370,IPSL-CM6A-LR,r8i1p1f1
967,Aug,2095,293.54259973501695,293.20786307404313,K,ssp370,IPSL-CM6A-LR,r8i1p1f1
968,Sep,2095,293.1545830409576,292.6867801068934,K,ssp370,IPSL-CM6A-LR,r8i1p1f1
969,Oct,2095,292.1317901789102,291.47760649188774,K,ssp370,IPSL-CM6A-LR,r8i1p1f1
970,Nov,2095,291.27516238934385,290.4205422249292,K,ssp370,IPSL-CM6A-LR,r8i1p1f1
971,Dec,2095,290.74872723735984,289.79011096440536,K,ssp370,IPSL-CM6A-LR,r8i1p1f1
972,Jan,2096,290.4708919216471,289.3663699090928,K,ssp370,IPSL-CM6A-LR,r8i1p1f1
973,Feb,2096,290.67001434206685,289.52641132380825,K,ssp370,IPSL-CM6A-LR,r8i1p1f1
974,Mar,2096,291.1103717244391,289.9986683950983,K,ssp370,IPSL-CM6A-LR,r8i1p1f1
975,Apr,2096,291.77816880230506,290.7807255105844,K,ssp370,IPSL-CM6A-LR,r8i1p1f1
976,May,2096,292.32369731920795,291.5161264010731,K,ssp370,IPSL-CM6A-LR,r8i1p1f1
977,Jun,2096,292.97602351004394,292.4706128775499,K,ssp370,IPSL-CM6A-LR,r8i1p1f1
978,Jul,2096,293.3487580583019,293.05788543453014,K,ssp370,IPSL-CM6A-LR,r8i1p1f1
979,Aug,2096,293.588996548032,293.322228951599,K,ssp370,IPSL-CM6A-LR,r8i1p1f1
980,Sep,2096,292.97116830166505,292.5679724543703,K,ssp370,IPSL-CM6A-LR,r8i1p1f1
981,Oct,2096,292.1532675473331,291.5022679029729,K,ssp370,IPSL-CM6A-LR,r8i1p1f1
982,Nov,2096,291.19781902644087,290.32102579646175,K,ssp370,IPSL-CM6A-LR,r8i1p1f1
983,Dec,2096,290.50901542791456,289.54385148765414,K,ssp370,IPSL-CM6A-LR,r8i1p1f1
984,Jan,2097,290.3625952003216,289.2666104489905,K,ssp370,IPSL-CM6A-LR,r8i1p1f1
985,Feb,2097,290.5079005676361,289.33980288712803,K,ssp370,IPSL-CM6A-LR,r8i1p1f1
986,Mar,2097,290.99404260666967,289.7998267980973,K,ssp370,IPSL-CM6A-LR,r8i1p1f1
987,Apr,2097,291.4877120180865,290.46023096706676,K,ssp370,IPSL-CM6A-LR,r8i1p1f1
988,May,2097,292.14255529568186,291.3070424884902,K,ssp370,IPSL-CM6A-LR,r8i1p1f1
989,Jun,2097,292.7815672890173,292.2433269502657,K,ssp370,IPSL-CM6A-LR,r8i1p1f1
990,Jul,2097,293.3144553167408,293.0248799832098,K,ssp370,IPSL-CM6A-LR,r8i1p1f1
991,Aug,2097,293.49449661540393,293.1621730193486,K,ssp370,IPSL-CM6A-LR,r8i1p1f1
992,Sep,2097,292.9644983484501,292.50151624598567,K,ssp370,IPSL-CM6A-LR,r8i1p1f1
993,Oct,2097,292.13046582137326,291.45958485922256,K,ssp370,IPSL-CM6A-LR,r8i1p1f1
994,Nov,2097,291.09913120091613,290.2267416080018,K,ssp370,IPSL-CM6A-LR,r8i1p1f1
995,Dec,2097,290.52198430127686,289.5560129957718,K,ssp370,IPSL-CM6A-LR,r8i1p1f1
996,Jan,2098,290.58129415721595,289.4194599215452,K,ssp370,IPSL-CM6A-LR,r8i1p1f1
997,Feb,2098,290.6840522786146,289.42162480783344,K,ssp370,IPSL-CM6A-LR,r8i1p1f1
998,Mar,2098,291.0502341700211,289.79960959723604,K,ssp370,IPSL-CM6A-LR,r8i1p1f1
999,Apr,2098,291.82366015364903,290.7742182557027,K,ssp370,IPSL-CM6A-LR,r8i1p1f1
1000,May,2098,292.41282146690463,291.605509868007,K,ssp370,IPSL-CM6A-LR,r8i1p1f1
1001,Jun,2098,293.14250254716495,292.63036351225395,K,ssp370,IPSL-CM6A-LR,r8i1p1f1
1002,Jul,2098,293.5067047765782,293.25056034940326,K,ssp370,IPSL-CM6A-LR,r8i1p1f1
1003,Aug,2098,293.74567081949675,293.48178367387413,K,ssp370,IPSL-CM6A-LR,r8i1p1f1
1004,Sep,2098,293.3838113412273,292.9391530111418,K,ssp370,IPSL-CM6A-LR,r8i1p1f1
1005,Oct,2098,292.44433451610297,291.77667132972323,K,ssp370,IPSL-CM6A-LR,r8i1p1f1
1006,Nov,2098,291.69784548450673,290.8158321401154,K,ssp370,IPSL-CM6A-LR,r8i1p1f1
1007,Dec,2098,291.0752411164264,290.0464414604688,K,ssp370,IPSL-CM6A-LR,r8i1p1f1
1008,Jan,2099,290.9656863174515,289.83265015302345,K,ssp370,IPSL-CM6A-LR,r8i1p1f1
1009,Feb,2099,291.28184253647447,290.0159550080055,K,ssp370,IPSL-CM6A-LR,r8i1p1f1
1010,Mar,2099,291.71426889858986,290.5341912205632,K,ssp370,IPSL-CM6A-LR,r8i1p1f1
1011,Apr,2099,292.1056846601729,291.10119990601254,K,ssp370,IPSL-CM6A-LR,r8i1p1f1
1012,May,2099,292.4631880957973,291.6591620723465,K,ssp370,IPSL-CM6A-LR,r8i1p1f1
1013,Jun,2099,293.209245568045,292.6978105370999,K,ssp370,IPSL-CM6A-LR,r8i1p1f1
1014,Jul,2099,293.5589602244128,293.2693932217263,K,ssp370,IPSL-CM6A-LR,r8i1p1f1
1015,Aug,2099,293.6985083434817,293.4067778026733,K,ssp370,IPSL-CM6A-LR,r8i1p1f1
1016,Sep,2099,293.1584016401228,292.7322145993059,K,ssp370,IPSL-CM6A-LR,r8i1p1f1
1017,Oct,2099,292.28986384231587,291.65917712087054,K,ssp370,IPSL-CM6A-LR,r8i1p1f1
1018,Nov,2099,291.4156851130521,290.57006338139814,K,ssp370,IPSL-CM6A-LR,r8i1p1f1
1019,Dec,2099,290.84617738901886,289.81920607923036,K,ssp370,IPSL-CM6A-LR,r8i1p1f1
1020,Jan,2100,290.59301193306476,289.50219953424227,K,ssp370,IPSL-CM6A-LR,r8i1p1f1
1021,Feb,2100,290.80486799843266,289.67571365858873,K,ssp370,IPSL-CM6A-LR,r8i1p1f1
1022,Mar,2100,291.4675884212391,290.30108361677156,K,ssp370,IPSL-CM6A-LR,r8i1p1f1
1023,Apr,2100,291.7294395314621,290.7524749155195,K,ssp370,IPSL-CM6A-LR,r8i1p1f1
1024,May,2100,292.31197857830887,291.55960477904785,K,ssp370,IPSL-CM6A-LR,r8i1p1f1
1025,Jun,2100,293.09177019553385,292.6332813614296,K,ssp370,IPSL-CM6A-LR,r8i1p1f1
1026,Jul,2100,293.4751836464034,293.2139698708355,K,ssp370,IPSL-CM6A-LR,r8i1p1f1
1027,Aug,2100,293.5907321589289,293.3483177917888,K,ssp370,IPSL-CM6A-LR,r8i1p1f1
1028,Sep,2100,293.27031061096096,292.8654845242308,K,ssp370,IPSL-CM6A-LR,r8i1p1f1
1029,Oct,2100,292.3233888356916,291.6932632268929,K,ssp370,IPSL-CM6A-LR,r8i1p1f1
1030,Nov,2100,291.2778214650872,290.46367124045724,K,ssp370,IPSL-CM6A-LR,r8i1p1f1
1031,Dec,2100,290.7329199662185,289.78768888202694,K,ssp370,IPSL-CM6A-LR,r8i1p1f1
